,unnamed: 0,id,date_,spd,subs,trf,y,x,tech,cap,height,azimuth
0,14,5793371,2016-11-15,1.966242601117,0.70914,41.74111676216125,-2800,-200,5,3.25,25.97,70
1,15,5793371,2016-11-29,1.26790771331058,1.0035,19.03874659538269,-2800,-200,5,3.25,25.97,70
2,16,5793371,2016-12-16,9.087821868652552,0.53074,231.3210434913635,-2800,-200,5,3.25,25.97,70
3,17,5793371,2016-12-30,1.588955034900345,1.44281,22.68874835968018,-2800,-200,5,3.25,25.97,70
4,32,5793371,2016-11-16,6.610362122044107,0.71583,7.284493446350098,-2800,-200,5,3.25,25.97,70
5,33,5793371,2016-12-17,7.099819358338213,1.26887,100.2181944847107,-2800,-200,5,3.25,25.97,70
6,46,5793371,2016-11-17,6.658117843944254,0.5575,91.42457842826843,-2800,-200,5,3.25,25.97,70
7,47,5793371,2016-12-18,5.117805041196739,2.11181,14.8419816493988,-2800,-200,5,3.25,25.97,70
8,55,5793371,2016-11-24,3.689207913160141,0.85855,61.70728707313538,-2800,-200,5,3.25,25.97,70
9,56,5793371,2016-12-25,5.884504742446488,1.24211,40.53029704093933,-2800,-200,5,3.25,25.97,70
10,68,5793371,2016-11-04,1.405061273408239,0.48391,6.123852014541626,-2800,-200,5,3.25,25.97,70
11,69,5793371,2016-12-05,8.212760965427266,1.338,33.34945154190063,-2800,-200,5,3.25,25.97,70
12,70,5793371,2016-12-19,3.109022420919444,0.81395,343.3662264347076,-2800,-200,5,3.25,25.97,70
13,71,5793371,2017-01-18,3.847516961849164,1.65689,237.9581077098846,-2800,-200,5,3.25,25.97,70
14,82,5793371,2016-11-03,2.378707846153846,0.96559,12.81007957458496,-2800,-200,5,3.25,25.97,70
15,83,5793371,2016-12-04,10.16627342795956,0.46384,6.415973424911499,-2800,-200,5,3.25,25.97,70
16,84,5793371,2017-01-17,9.645520296057208,1.87097,1366.307723999023,-2800,-200,5,3.25,25.97,70
17,85,5793371,2017-02-18,9.193351170634,1.31347,235.6513094902039,-2800,-200,5,3.25,25.97,70
18,97,5793371,2016-11-09,7.822056598478111,0.97005,166.348881483078,-2800,-200,5,3.25,25.97,70
19,98,5793371,2016-12-10,3.388723390559065,1.06594,64.1533534526825,-2800,-200,5,3.25,25.97,70
20,99,5793371,2017-01-23,2.308063846803717,0.7582000000000001,6.207539319992065,-2800,-200,5,3.25,25.97,70
21,100,5793371,2017-02-24,1.410455675647615,1.2265,61.9436571598053,-2800,-200,5,3.25,25.97,70
22,108,5793371,2016-12-02,7.204962604361076,0.7738099999999999,53.81652092933655,-2800,-200,5,3.25,25.97,70
23,109,5793371,2017-01-15,6.365020430692977,2.32366,85.93643260002136,-2800,-200,5,3.25,25.97,70
24,110,5793371,2017-01-29,9.673875348197134,0.74036,314.9395632743835,-2800,-200,5,3.25,25.97,70
25,111,5793371,2017-02-16,6.133071643896923,3.67281,288.5782744884491,-2800,-200,5,3.25,25.97,70
26,117,5793371,2016-12-01,4.955235050678158,1.21089,120.6678524017334,-2800,-200,5,3.25,25.97,70
27,118,5793371,2017-01-14,4.743455938369356,0.71583,15.68189430236816,-2800,-200,5,3.25,25.97,70
28,119,5793371,2017-02-15,4.914167943057873,1.60337,473.0753211975098,-2800,-200,5,3.25,25.97,70
29,123,5793371,2016-11-30,2.764498380670825,0.56419,70.92499136924744,-2800,-200,5,3.25,25.97,70
30,124,5793371,2017-01-13,2.842962001247315,1.67473,197.6021089553833,-2800,-200,5,3.25,25.97,70
31,125,5793371,2017-02-14,7.847002900961789,0.94775,120.3457624912262,-2800,-200,5,3.25,25.97,70
32,126,5793371,2017-01-31,3.177624571260401,1.19528,18.3537905216217,-2800,-200,5,3.25,25.97,70
33,130,5793371,2017-01-04,12.63710193565229,0.72475,414.4665808677673,-2800,-200,5,3.25,25.97,70
34,131,5793371,2017-02-05,7.033539139283367,1.13061,25.64910221099854,-2800,-200,5,3.25,25.97,70
35,132,5793371,2017-02-19,6.250943266572241,1.7617,441.7125029563904,-2800,-200,5,3.25,25.97,70
36,135,5793371,2017-01-12,7.850220603302079,1.03472,331.6412808895111,-2800,-200,5,3.25,25.97,70
37,136,5793371,2017-02-13,5.484681453143679,1.82414,159.0457072257996,-2800,-200,5,3.25,25.97,70
38,138,5793371,2017-01-02,3.450968962848983,1.03472,47.38226270675659,-2800,-200,5,3.25,25.97,70
39,139,5793371,2017-02-03,3.060484390086067,0.6533899999999999,41.07279324531555,-2800,-200,5,3.25,25.97,70
40,149,5793371,2016-11-18,2.185326738695478,1.19305,8.243758201599121,-2800,-200,5,3.25,25.97,70
41,150,5793371,2017-02-09,4.624510661960003,0.66677,63.97519731521606,-2800,-200,5,3.25,25.97,70
42,158,5793371,2017-01-07,2.448701278155303,2.2077,30.9939751625061,-2800,-200,5,3.25,25.97,70
43,159,5793371,2017-01-21,5.695529008064315,0.62886,120.5166330337524,-2800,-200,5,3.25,25.97,70
44,160,5793371,2017-02-08,3.402593983927928,0.94775,217.1252689361572,-2800,-200,5,3.25,25.97,70
45,161,5793371,2017-02-22,3.408172507250325,0.74036,64.5394401550293,-2800,-200,5,3.25,25.97,70
46,171,5793371,2016-11-23,4.219262930645803,0.73367,45.39854574203491,-2800,-200,5,3.25,25.97,70
47,172,5793371,2016-12-24,5.837325762232305,1.39152,20.53348422050476,-2800,-200,5,3.25,25.97,70
48,174,5793371,2017-01-11,7.176893819822346,1.00573,19.05858397483826,-2800,-200,5,3.25,25.97,70
49,175,5793371,2017-02-12,4.278155877477477,1.14622,128.776727437973,-2800,-200,5,3.25,25.97,70
50,187,5793371,2016-11-08,6.051468735682745,0.55527,67.01349234580994,-2800,-200,5,3.25,25.97,70
51,188,5793371,2016-11-22,6.054807780512913,0.8028,67.00753116607666,-2800,-200,5,3.25,25.97,70
52,189,5793371,2016-12-23,5.060919386335789,1.89327,172.6318049430847,-2800,-200,5,3.25,25.97,70
53,194,5793371,2017-01-05,3.366463199986825,0.49506,121.1115157604218,-2800,-200,5,3.25,25.97,70
54,195,5793371,2017-01-19,4.507908407871199,0.54858,127.4307596683502,-2800,-200,5,3.25,25.97,70
55,196,5793371,2017-02-06,7.097567054355064,0.8786200000000001,1095.088137388229,-2800,-200,5,3.25,25.97,70
56,197,5793371,2017-02-20,1.471974583293556,0.9299099999999999,18.31942915916443,-2800,-200,5,3.25,25.97,70
57,211,5793371,2016-11-06,3.533432288832914,0.42816,47.91685438156128,-2800,-200,5,3.25,25.97,70
58,212,5793371,2016-11-20,12.32192417978353,1.4495,721.1634979248047,-2800,-200,5,3.25,25.97,70
59,213,5793371,2016-12-07,6.75435554562233,0.71806,557.6344537734985,-2800,-200,5,3.25,25.97,70
60,214,5793371,2016-12-21,5.763754090252369,1.64574,19.33703374862671,-2800,-200,5,3.25,25.97,70
61,217,5793371,2017-01-03,4.075452934916087,1.57661,53.37890791893005,-2800,-200,5,3.25,25.97,70
62,218,5793371,2017-02-04,3.971910090349827,0.72252,23.18383312225342,-2800,-200,5,3.25,25.97,70
63,231,5793371,2016-11-05,3.313803743448166,0.5352,87.3272967338562,-2800,-200,5,3.25,25.97,70
64,232,5793371,2016-11-19,2.80346531213952,0.9611299999999999,106.5690984725952,-2800,-200,5,3.25,25.97,70
65,233,5793371,2016-12-06,6.160874503148098,2.47084,343.8448543548584,-2800,-200,5,3.25,25.97,70
66,234,5793371,2016-12-20,10.58459955771417,0.8942300000000001,579.4397201538086,-2800,-200,5,3.25,25.97,70
67,241,5793371,2016-11-25,6.681405068610159,1.01242,314.9572055339813,-2800,-200,5,3.25,25.97,70
68,242,5793371,2016-12-26,1.196969815148045,1.23988,9.01939868927002,-2800,-200,5,3.25,25.97,70
69,250,5793371,2016-11-02,7.28307498297085,0.51736,29.76980638504028,-2800,-200,5,3.25,25.97,70
70,251,5793371,2016-12-03,4.956861663519883,0.7894199999999999,81.0035445690155,-2800,-200,5,3.25,25.97,70
71,252,5793371,2017-01-16,5.859551920022778,0.55527,38.80230760574341,-2800,-200,5,3.25,25.97,70
72,253,5793371,2017-01-30,4.992773419200441,1.01688,290.919163942337,-2800,-200,5,3.25,25.97,70
73,254,5793371,2017-02-17,3.009830158671777,1.01019,127.649888753891,-2800,-200,5,3.25,25.97,70
74,260,5793371,2017-01-06,8.652967682438755,0.6466999999999999,215.9611210823059,-2800,-200,5,3.25,25.97,70
75,261,5793371,2017-01-20,4.169348210356757,3.15545,163.8302948474884,-2800,-200,5,3.25,25.97,70
76,262,5793371,2017-02-07,8.95618711068142,1.37145,176.8135135173798,-2800,-200,5,3.25,25.97,70
77,263,5793371,2017-02-21,3.222215678389921,0.61102,85.23039865493774,-2800,-200,5,3.25,25.97,70
78,264,5793371,2017-01-01,14.0712786493115,1.61006,533.3208577632904,-2800,-200,5,3.25,25.97,70
79,265,5793371,2017-02-02,2.995367632891647,0.84294,68.5603175163269,-2800,-200,5,3.25,25.97,70
80,266,5793371,2016-12-31,3.275967013911743,0.5864900000000001,71.14784979820251,-2800,-200,5,3.25,25.97,70
81,267,5793371,2017-02-01,5.013637147791759,1.58999,311.5320265293121,-2800,-200,5,3.25,25.97,70
82,282,5793371,2016-11-13,4.379017409496265,0.7537400000000001,119.6950261592865,-2800,-200,5,3.25,25.97,70
83,283,5793371,2016-12-14,2.420102407450524,1.88212,15.6832423210144,-2800,-200,5,3.25,25.97,70
84,284,5793371,2017-01-27,7.633925882324182,1.15737,45.5593638420105,-2800,-200,5,3.25,25.97,70
85,285,5793371,2017-02-28,1.346862404423469,0.67569,21.23564457893372,-2800,-200,5,3.25,25.97,70
86,291,5793371,2016-11-26,5.611216683542056,0.81172,18.50149822235107,-2800,-200,5,3.25,25.97,70
87,292,5793371,2016-12-27,5.116204122267925,1.48741,15.91115975379944,-2800,-200,5,3.25,25.97,70
88,307,5793371,2016-11-12,1.896955585231042,0.47053,6.196070671081543,-2800,-200,5,3.25,25.97,70
89,308,5793371,2016-12-13,8.57346653721893,0.53074,12.58698773384094,-2800,-200,5,3.25,25.97,70
90,309,5793371,2017-01-26,6.560677969994822,1.34692,1575.131618738174,-2800,-200,5,3.25,25.97,70
91,310,5793371,2017-02-27,7.991098824191115,0.87416,254.5384328365326,-2800,-200,5,3.25,25.97,70
92,312,5793371,2017-01-10,4.541552958848381,0.9611299999999999,64.09201335906982,-2800,-200,5,3.25,25.97,70
93,313,5793371,2017-02-11,2.607849347447223,0.9455199999999999,90.72928929328918,-2800,-200,5,3.25,25.97,70
94,317,5793371,2016-11-27,3.457766797509262,1.22873,41.76092791557312,-2800,-200,5,3.25,25.97,70
95,318,5793371,2016-12-28,8.834848903285517,2.23892,273.557669878006,-2800,-200,5,3.25,25.97,70
96,319,5793371,2017-01-09,4.841819083110892,2.49537,1548.289391517639,-2800,-200,5,3.25,25.97,70
97,320,5793371,2017-02-10,6.624888987467504,0.73144,56.07747077941895,-2800,-200,5,3.25,25.97,70
98,330,5793371,2016-12-09,10.26011827853582,2.47753,525.1033623218536,-2800,-200,5,3.25,25.97,70
99,331,5793371,2017-01-08,2.158559478994975,1.92003,23.56896257400513,-2800,-200,5,3.25,25.97,70
100,332,5793371,2017-01-22,6.610311196608636,0.7738099999999999,176.433584690094,-2800,-200,5,3.25,25.97,70
101,333,5793371,2017-02-23,2.202606112085201,1.03249,14.93327450752258,-2800,-200,5,3.25,25.97,70
102,348,5793371,2016-11-10,2.534446655416807,0.26983,4.846344709396362,-2800,-200,5,3.25,25.97,70
103,349,5793371,2016-12-11,5.990244303952514,0.7537400000000001,228.2245895862579,-2800,-200,5,3.25,25.97,70
104,350,5793371,2017-01-24,3.716364432395308,0.56642,205.7809419631958,-2800,-200,5,3.25,25.97,70
105,351,5793371,2017-02-25,5.334955521508545,0.7805,239.1408052444458,-2800,-200,5,3.25,25.97,70
106,366,5793371,2016-11-11,4.124113904125924,1.32016,113.6920289993286,-2800,-200,5,3.25,25.97,70
107,367,5793371,2016-12-12,4.527570403190076,0.84963,80.16839718818665,-2800,-200,5,3.25,25.97,70
108,368,5793371,2017-01-25,5.509306637704626,0.52628,41.99084901809692,-2800,-200,5,3.25,25.97,70
109,369,5793371,2017-02-26,4.288297128544592,1.04587,113.8866813182831,-2800,-200,5,3.25,25.97,70
110,400,5793371,2016-11-07,1.873022058876003,0.17617,15.2977089881897,-2800,-200,5,3.25,25.97,70
111,401,5793371,2016-11-21,6.346995579718709,1.52755,57.80334639549255,-2800,-200,5,3.25,25.97,70
112,402,5793371,2016-12-08,8.529830512377757,1.15737,2285.107018232346,-2800,-200,5,3.25,25.97,70
113,403,5793371,2016-12-22,4.914425357968955,1.29786,92.41422867774963,-2800,-200,5,3.25,25.97,70
114,406,5793371,2016-11-28,1.558124745862449,2.35488,27.94887971878052,-2800,-200,5,3.25,25.97,70
115,407,5793371,2017-03-01,4.07293359631696,1.37814,24.48294806480408,-2800,-200,5,3.25,25.97,70
116,422,5793371,2016-11-14,2.924001527777778,0.66008,61.19394111633301,-2800,-200,5,3.25,25.97,70
117,423,5793371,2016-12-15,5.577681785926631,1.38483,263.0815613269806,-2800,-200,5,3.25,25.97,70
118,424,5793371,2016-12-29,3.637885815648509,1.52086,62.24103164672852,-2800,-200,5,3.25,25.97,70
119,425,5793371,2017-01-28,7.529981419279697,0.81172,559.1157085895538,-2800,-200,5,3.25,25.97,70
120,431,2061076,2017-01-01,8.677160330738872,0.85855,86.69302773475647,-2800,-200,5,3.25,25.97,310
121,432,2061076,2017-02-02,5.832580325308243,1.18413,48.26563715934753,-2800,-200,5,3.25,25.97,310
122,439,2061076,2016-11-25,16.84937731088321,2.25453,2128.711528778076,-2800,-200,5,3.25,25.97,310
123,440,2061076,2016-12-26,15.08382098231827,1.53647,139.2362532615662,-2800,-200,5,3.25,25.97,310
124,441,2061076,2017-01-10,14.11426809559749,1.83975,474.4333791732788,-2800,-200,5,3.25,25.97,310
125,442,2061076,2017-02-11,15.00401017882909,2.18094,155.3595397472382,-2800,-200,5,3.25,25.97,310
126,450,2061076,2016-11-24,8.70577774608035,1.05033,61.86444139480591,-2800,-200,5,3.25,25.97,310
127,451,2061076,2016-12-25,7.633192097198316,2.34373,1378.897670030594,-2800,-200,5,3.25,25.97,310
128,466,2061076,2016-11-16,29.02394103551081,1.82191,1809.506742715836,-2800,-200,5,3.25,25.97,310
129,467,2061076,2016-12-17,6.49015259063991,1.05702,34.70449352264404,-2800,-200,5,3.25,25.97,310
130,479,2061076,2016-11-08,13.89429371219202,0.8830800000000001,177.2911841869354,-2800,-200,5,3.25,25.97,310
131,480,2061076,2016-11-22,5.538149031071437,3.20674,19.68019104003906,-2800,-200,5,3.25,25.97,310
132,481,2061076,2016-12-23,10.76943560234395,2.01369,272.5745918750763,-2800,-200,5,3.25,25.97,310
133,485,2061076,2016-11-30,8.255468056393266,2.80311,1945.606151342392,-2800,-200,5,3.25,25.97,310
134,486,2061076,2017-01-13,23.8206307234886,1.98247,1448.176347732544,-2800,-200,5,3.25,25.97,310
135,487,2061076,2017-02-14,12.78822118383898,2.22108,501.7045831680298,-2800,-200,5,3.25,25.97,310
136,499,2061076,2016-11-07,4.475964918541643,0.8206399999999999,188.5244517326355,-2800,-200,5,3.25,25.97,310
137,500,2061076,2016-11-21,18.73505240181687,2.08505,1070.506941318512,-2800,-200,5,3.25,25.97,310
138,501,2061076,2016-12-08,6.51034890428523,1.24434,132.93590259552,-2800,-200,5,3.25,25.97,310
139,502,2061076,2016-12-22,7.0047814005175,1.62344,245.3089373111725,-2800,-200,5,3.25,25.97,310
140,516,2061076,2016-11-06,13.92714052230933,0.52628,228.1606531143188,-2800,-200,5,3.25,25.97,310
141,517,2061076,2016-11-20,9.395823665907,2.21662,351.7304277420044,-2800,-200,5,3.25,25.97,310
142,518,2061076,2016-12-07,16.10262332917858,1.66581,431.8558876514435,-2800,-200,5,3.25,25.97,310
143,519,2061076,2016-12-21,6.596155806741329,1.81745,8.627872705459595,-2800,-200,5,3.25,25.97,310
144,525,2061076,2017-01-06,3.997776496269123,0.52405,64.23351860046387,-2800,-200,5,3.25,25.97,310
145,526,2061076,2017-01-20,7.070948858194294,1.67473,214.3303961753845,-2800,-200,5,3.25,25.97,310
146,527,2061076,2017-02-07,12.44470240002249,0.43708,152.337504863739,-2800,-200,5,3.25,25.97,310
147,528,2061076,2017-02-21,3.769033489782052,1.57884,25.6657190322876,-2800,-200,5,3.25,25.97,310
148,534,2061076,2016-12-01,14.02840211574038,1.09939,767.8309252262115,-2800,-200,5,3.25,25.97,310
149,535,2061076,2017-01-14,23.9024111067888,1.24434,2491.537912368774,-2800,-200,5,3.25,25.97,310
150,536,2061076,2017-02-15,12.83229363028953,1.48741,380.6601824760437,-2800,-200,5,3.25,25.97,310
151,551,2061076,2016-11-11,23.29495244141766,1.96463,3734.220569372177,-2800,-200,5,3.25,25.97,310
152,552,2061076,2016-12-12,7.398394754319238,1.64128,88.29739022254944,-2800,-200,5,3.25,25.97,310
153,553,2061076,2017-01-25,5.381968307813114,1.44727,53.68466687202454,-2800,-200,5,3.25,25.97,310
154,554,2061076,2017-02-26,10.0981289633383,1.27556,103.755437374115,-2800,-200,5,3.25,25.97,310
155,567,2061076,2016-11-05,16.01875028675828,1.01019,876.65078997612,-2800,-200,5,3.25,25.97,310
156,568,2061076,2016-11-19,15.26612254336414,2.48645,200.4704644680023,-2800,-200,5,3.25,25.97,310
157,569,2061076,2016-12-06,10.29179942306197,1.34469,157.1778411865234,-2800,-200,5,3.25,25.97,310
158,570,2061076,2016-12-20,5.477023148034967,1.19305,177.5284852981567,-2800,-200,5,3.25,25.97,310
159,582,2061076,2016-11-09,3.290740957628469,0.7425900000000001,129.6771488189697,-2800,-200,5,3.25,25.97,310
160,583,2061076,2016-12-10,13.50816866319484,2.10512,446.369692325592,-2800,-200,5,3.25,25.97,310
161,584,2061076,2017-01-23,2.514389068672738,1.67919,42.48727655410767,-2800,-200,5,3.25,25.97,310
162,585,2061076,2017-02-24,20.00617869922425,1.4272,308.2330341339111,-2800,-200,5,3.25,25.97,310
163,593,2061076,2016-12-02,13.95386643901218,1.85759,493.0498366355896,-2800,-200,5,3.25,25.97,310
164,594,2061076,2017-01-15,23.07768148229132,1.06594,39.4988214969635,-2800,-200,5,3.25,25.97,310
165,595,2061076,2017-01-29,9.171269645807616,1.42497,195.118791103363,-2800,-200,5,3.25,25.97,310
166,596,2061076,2017-02-16,11.34177398461648,1.85759,339.7020967006683,-2800,-200,5,3.25,25.97,310
167,611,2061076,2016-11-14,8.47288909153164,0.8206399999999999,118.0382142066956,-2800,-200,5,3.25,25.97,310
168,612,2061076,2016-12-15,5.938957491950517,1.42051,81.53336310386658,-2800,-200,5,3.25,25.97,310
169,613,2061076,2016-12-29,13.48595915735756,2.06944,452.6475908756256,-2800,-200,5,3.25,25.97,310
170,614,2061076,2017-01-28,4.810230631429627,0.8942300000000001,163.2630176544189,-2800,-200,5,3.25,25.97,310
171,625,2061076,2016-11-04,11.47550799012251,0.63555,559.2646174430847,-2800,-200,5,3.25,25.97,310
172,626,2061076,2016-12-05,7.602648575363345,0.61994,111.5967621803284,-2800,-200,5,3.25,25.97,310
173,627,2061076,2016-12-19,5.065816682077196,1.31347,38.05085015296936,-2800,-200,5,3.25,25.97,310
174,628,2061076,2017-01-18,7.844308990484325,3.345,447.7405250072479,-2800,-200,5,3.25,25.97,310
175,644,2061076,2016-11-12,28.33112285372935,2.18317,4558.574312448502,-2800,-200,5,3.25,25.97,310
176,645,2061076,2016-12-13,9.920457710494299,2.10066,1073.984401941299,-2800,-200,5,3.25,25.97,310
177,646,2061076,2017-01-26,8.11723629907327,0.99012,47.4205002784729,-2800,-200,5,3.25,25.97,310
178,647,2061076,2017-02-27,4.466497934804782,0.8786200000000001,63.07291913032532,-2800,-200,5,3.25,25.97,310
179,651,2061076,2016-11-27,20.83614798307497,1.0258,17.59095358848572,-2800,-200,5,3.25,25.97,310
180,652,2061076,2016-12-28,6.247622216697136,1.60114,101.1855447292328,-2800,-200,5,3.25,25.97,310
181,667,2061076,2016-11-10,17.4863685351736,1.8063,2369.902179956436,-2800,-200,5,3.25,25.97,310
182,668,2061076,2016-12-11,7.240309416632812,1.93564,107.7318694591522,-2800,-200,5,3.25,25.97,310
183,669,2061076,2017-01-24,8.359146182225004,1.36922,114.2072632312775,-2800,-200,5,3.25,25.97,310
184,670,2061076,2017-02-25,12.0448517274343,1.43166,614.485422372818,-2800,-200,5,3.25,25.97,310
185,676,2061076,2016-11-26,6.399133369582034,1.99139,117.6410286426544,-2800,-200,5,3.25,25.97,310
186,677,2061076,2016-12-27,14.65086265830006,2.62025,341.6468312740326,-2800,-200,5,3.25,25.97,310
187,687,2061076,2016-11-23,12.86733330937406,1.24434,671.894641160965,-2800,-200,5,3.25,25.97,310
188,688,2061076,2016-12-24,8.081971423828232,1.60114,29.27769041061401,-2800,-200,5,3.25,25.97,310
189,691,2061076,2017-01-12,6.17886979570673,1.21312,76.37357521057129,-2800,-200,5,3.25,25.97,310
190,692,2061076,2017-02-13,5.033295682225929,0.97897,160.6343419551849,-2800,-200,5,3.25,25.97,310
191,707,2061076,2016-11-13,9.790548775523613,2.09397,341.5469074249268,-2800,-200,5,3.25,25.97,310
192,708,2061076,2016-12-14,19.47375805427361,1.47403,866.2451691627502,-2800,-200,5,3.25,25.97,310
193,709,2061076,2017-01-27,6.930388284451757,1.33577,163.2716670036316,-2800,-200,5,3.25,25.97,310
194,710,2061076,2017-02-28,19.29355775528979,1.81299,1708.371596574783,-2800,-200,5,3.25,25.97,310
195,720,2061076,2016-12-09,13.47016093314197,1.21981,320.6147978305817,-2800,-200,5,3.25,25.97,310
196,721,2061076,2017-01-08,15.72311627166736,1.35138,345.5562348365784,-2800,-200,5,3.25,25.97,310
197,722,2061076,2017-01-22,6.553472695548993,1.87097,69.67011189460754,-2800,-200,5,3.25,25.97,310
198,723,2061076,2017-02-23,10.67351178965993,2.68938,657.6133985519409,-2800,-200,5,3.25,25.97,310
199,731,2061076,2017-01-07,9.257946141422542,1.17298,223.6201486587524,-2800,-200,5,3.25,25.97,310
200,732,2061076,2017-01-21,12.47384209946147,2.18986,409.4167535305023,-2800,-200,5,3.25,25.97,310
201,733,2061076,2017-02-08,10.85985706212851,0.8050299999999999,65.90688180923462,-2800,-200,5,3.25,25.97,310
202,734,2061076,2017-02-22,5.391869943596213,1.64574,36.21836042404175,-2800,-200,5,3.25,25.97,310
203,740,2061076,2017-03-01,1.445135726535794,0.48391,30.63857555389404,-2800,-200,5,3.25,25.97,310
204,748,2061076,2017-01-09,6.331973073658848,1.12169,153.6121561527252,-2800,-200,5,3.25,25.97,310
205,749,2061076,2017-02-10,20.98092168792382,2.59349,1145.534391403198,-2800,-200,5,3.25,25.97,310
206,759,2061076,2016-11-03,6.123478653386276,0.8094899999999999,141.7198963165283,-2800,-200,5,3.25,25.97,310
207,760,2061076,2016-12-04,16.96034406644364,1.32239,948.4944875240326,-2800,-200,5,3.25,25.97,310
208,761,2061076,2017-01-17,21.70225020923507,1.85759,1122.044796705246,-2800,-200,5,3.25,25.97,310
209,762,2061076,2017-02-18,0.0,2.01592,186.6774668693542,-2800,-200,5,3.25,25.97,310
210,763,2061076,2017-01-31,19.2460841733592,1.9178,830.9369311332703,-2800,-200,5,3.25,25.97,310
211,765,2061076,2017-01-11,12.02242741134144,1.80184,291.9504742622375,-2800,-200,5,3.25,25.97,310
212,766,2061076,2017-02-12,8.68108899966867,1.32239,356.8408634662628,-2800,-200,5,3.25,25.97,310
213,770,2061076,2017-01-04,6.820415974240217,1.81299,592.6734945774078,-2800,-200,5,3.25,25.97,310
214,771,2061076,2017-02-05,11.08535433292375,0.86524,262.5577616691589,-2800,-200,5,3.25,25.97,310
215,772,2061076,2017-02-19,17.71253352225959,1.80184,1944.745168685913,-2800,-200,5,3.25,25.97,310
216,780,2061076,2016-11-02,11.88300666872739,0.32558,928.071763753891,-2800,-200,5,3.25,25.97,310
217,781,2061076,2016-12-03,17.40210833019049,2.6537,3188.213224887848,-2800,-200,5,3.25,25.97,310
218,782,2061076,2017-01-16,2.768476203597398,3.00381,139.3999719619751,-2800,-200,5,3.25,25.97,310
219,783,2061076,2017-01-30,10.61281097354592,1.8955,343.1545035839081,-2800,-200,5,3.25,25.97,310
220,784,2061076,2017-02-17,3.212172097795443,1.0035,10.44006609916687,-2800,-200,5,3.25,25.97,310
221,787,2061076,2017-01-03,18.14670769259768,1.92895,679.6311693191528,-2800,-200,5,3.25,25.97,310
222,788,2061076,2017-02-04,13.85167550078989,1.99362,991.1905653476715,-2800,-200,5,3.25,25.97,310
223,803,2061076,2016-11-15,12.4007768459777,1.36253,203.6260895729065,-2800,-200,5,3.25,25.97,310
224,804,2061076,2016-11-29,13.89135251278018,1.4718,300.2066478729248,-2800,-200,5,3.25,25.97,310
225,805,2061076,2016-12-16,19.10051173953307,1.82414,633.6544363498688,-2800,-200,5,3.25,25.97,310
226,806,2061076,2016-12-30,18.01973977468791,1.60114,584.1988370418549,-2800,-200,5,3.25,25.97,310
227,819,2061076,2016-11-17,20.59938718143438,1.47403,272.0102598667145,-2800,-200,5,3.25,25.97,310
228,820,2061076,2016-12-18,17.21993309506913,1.86874,536.116005897522,-2800,-200,5,3.25,25.97,310
229,830,2061076,2016-11-18,13.26797582353666,1.21981,752.1568882465363,-2800,-200,5,3.25,25.97,310
230,831,2061076,2017-02-09,19.72343102060517,2.47084,2688.921589851379,-2800,-200,5,3.25,25.97,310
231,834,2061076,2016-11-28,15.09107458613776,2.10066,562.3427760601044,-2800,-200,5,3.25,25.97,310
232,835,2061076,2016-12-31,7.944734344047869,0.9053800000000001,14.35370516777039,-2800,-200,5,3.25,25.97,310
233,836,2061076,2017-02-01,0.0,1.28894,37.89215898513794,-2800,-200,5,3.25,25.97,310
234,838,2061076,2017-01-02,10.51989138215472,1.19528,652.5380952358246,-2800,-200,5,3.25,25.97,310
235,839,2061076,2017-02-03,19.75021081800631,2.37272,3501.662464380264,-2800,-200,5,3.25,25.97,310
236,844,2061076,2017-01-05,12.36715712634265,0.88531,448.2688932418823,-2800,-200,5,3.25,25.97,310
237,845,2061076,2017-01-19,6.936988069949749,2.21439,157.9026975631714,-2800,-200,5,3.25,25.97,310
238,846,2061076,2017-02-06,3.859268376804613,0.41478,64.17094588279724,-2800,-200,5,3.25,25.97,310
239,847,2061076,2017-02-20,21.35557471638891,0.81841,229.597407579422,-2800,-200,5,3.25,25.97,310
240,855,8077306,2017-01-02,1.969370456528644,2.72283,61.74395370483398,-2800,-200,5,3.25,25.97,170
241,856,8077306,2017-02-03,5.067427670142181,1.28002,24.23832988739014,-2800,-200,5,3.25,25.97,170
242,862,8077306,2016-11-26,4.479847653734838,0.57311,60.89231276512146,-2800,-200,5,3.25,25.97,170
243,863,8077306,2016-12-27,6.269899141806293,1.7617,699.2419583797455,-2800,-200,5,3.25,25.97,170
244,865,8077306,2017-01-11,1.515029425065548,0.42816,14.10561728477478,-2800,-200,5,3.25,25.97,170
245,866,8077306,2017-02-12,5.763339458068542,0.9767399999999999,127.0197818279266,-2800,-200,5,3.25,25.97,170
246,873,8077306,2016-11-25,2.774328491192471,1.27556,71.57274842262268,-2800,-200,5,3.25,25.97,170
247,874,8077306,2016-12-26,4.288374943511283,1.87097,120.1757442951202,-2800,-200,5,3.25,25.97,170
248,887,8077306,2016-11-17,4.770064774013663,0.7492800000000001,70.25178718566895,-2800,-200,5,3.25,25.97,170
249,888,8077306,2016-12-18,4.85340179155231,1.36922,350.3047642707825,-2800,-200,5,3.25,25.97,170
250,898,8077306,2016-11-23,4.342091915891021,2.3415,80.44692826271057,-2800,-200,5,3.25,25.97,170
251,899,8077306,2016-12-24,6.54709704957282,2.17202,406.5686628818512,-2800,-200,5,3.25,25.97,170
252,905,8077306,2016-12-01,6.138044906446281,2.81649,1301.550565719604,-2800,-200,5,3.25,25.97,170
253,906,8077306,2017-01-14,4.602980310303983,1.54539,165.0164489746094,-2800,-200,5,3.25,25.97,170
254,907,8077306,2017-02-15,3.376328023196316,0.88531,151.0863494873047,-2800,-200,5,3.25,25.97,170
255,919,8077306,2016-11-08,8.31795144747873,0.68238,135.7444784641266,-2800,-200,5,3.25,25.97,170
256,920,8077306,2016-11-22,12.25240238613922,1.39598,164.1224031448364,-2800,-200,5,3.25,25.97,170
257,921,8077306,2016-12-23,6.802182598089978,1.37814,178.5522031784058,-2800,-200,5,3.25,25.97,170
258,933,8077306,2016-11-07,19.27717991210364,0.6310899999999999,409.2265858650208,-2800,-200,5,3.25,25.97,170
259,934,8077306,2016-11-21,10.90975409703922,0.70245,638.2477810382843,-2800,-200,5,3.25,25.97,170
260,935,8077306,2016-12-08,2.571450782284635,0.95444,115.2591400146484,-2800,-200,5,3.25,25.97,170
261,936,8077306,2016-12-22,7.049161069494712,1.5833,132.2216625213623,-2800,-200,5,3.25,25.97,170
262,944,8077306,2017-01-07,9.05265259444604,2.08505,182.2799625396729,-2800,-200,5,3.25,25.97,170
263,945,8077306,2017-01-21,5.712103557172867,2.48645,380.0990080833435,-2800,-200,5,3.25,25.97,170
264,946,8077306,2017-02-08,4.870540972873382,0.95667,294.735771894455,-2800,-200,5,3.25,25.97,170
265,947,8077306,2017-02-22,3.03890765191906,2.0962,76.82663798332214,-2800,-200,5,3.25,25.97,170
266,955,8077306,2016-12-02,9.086872821407969,1.74609,1244.794291496277,-2800,-200,5,3.25,25.97,170
267,956,8077306,2017-01-15,7.1324148446547,2.45523,217.0685052871704,-2800,-200,5,3.25,25.97,170
268,957,8077306,2017-01-29,5.14015363889882,1.30678,331.4282729625702,-2800,-200,5,3.25,25.97,170
269,958,8077306,2017-02-16,3.897423232487391,2.16756,210.338522195816,-2800,-200,5,3.25,25.97,170
270,973,8077306,2016-11-12,5.374385392332219,1.12392,112.1824841499329,-2800,-200,5,3.25,25.97,170
271,974,8077306,2016-12-13,15.09617461483035,1.31347,1463.937038183212,-2800,-200,5,3.25,25.97,170
272,975,8077306,2017-01-26,4.892097103768909,1.7617,594.5317068099976,-2800,-200,5,3.25,25.97,170
273,976,8077306,2017-02-27,5.276485562826361,3.31824,317.6199147701263,-2800,-200,5,3.25,25.97,170
274,990,8077306,2016-11-06,5.787021352018159,0.44377,65.53759026527405,-2800,-200,5,3.25,25.97,170
275,991,8077306,2016-11-20,5.231268376233635,0.9812,144.8276038169861,-2800,-200,5,3.25,25.97,170
276,992,8077306,2016-12-07,7.497887946470246,0.5864900000000001,72.64961338043213,-2800,-200,5,3.25,25.97,170
277,993,8077306,2016-12-21,10.45068880858389,1.68142,2350.416719913483,-2800,-200,5,3.25,25.97,170
278,1008,8077306,2016-11-10,2.527058472808345,0.62217,33.93759155273438,-2800,-200,5,3.25,25.97,170
279,1009,8077306,2016-12-11,5.40086297817439,1.45173,57.26390552520752,-2800,-200,5,3.25,25.97,170
280,1010,8077306,2017-01-24,3.730915101088291,1.09716,130.9341080188751,-2800,-200,5,3.25,25.97,170
281,1011,8077306,2017-02-25,10.24368085072826,3.64605,1058.772370815277,-2800,-200,5,3.25,25.97,170
282,1019,8077306,2016-11-02,13.94156778230379,1.65689,877.2354025840759,-2800,-200,5,3.25,25.97,170
283,1020,8077306,2016-12-03,7.908055815310235,1.93341,1096.307755947113,-2800,-200,5,3.25,25.97,170
284,1021,8077306,2017-01-16,4.50054920781893,1.20866,131.8185131549835,-2800,-200,5,3.25,25.97,170
285,1022,8077306,2017-01-30,5.892238087049393,1.74609,416.15736079216,-2800,-200,5,3.25,25.97,170
286,1023,8077306,2017-02-17,6.721069375035371,1.95125,228.4710147380829,-2800,-200,5,3.25,25.97,170
287,1038,8077306,2016-11-15,8.290168802653712,2.23,1204.896671533585,-2800,-200,5,3.25,25.97,170
288,1039,8077306,2016-11-29,7.773345110460078,0.74036,238.2420439720154,-2800,-200,5,3.25,25.97,170
289,1040,8077306,2016-12-16,7.520514413535992,1.69703,795.6107177734375,-2800,-200,5,3.25,25.97,170
290,1041,8077306,2016-12-30,4.756283951009673,1.0035,80.49275040626526,-2800,-200,5,3.25,25.97,170
291,1054,8077306,2016-11-05,5.043974603174603,0.55081,116.6168518066406,-2800,-200,5,3.25,25.97,170
292,1055,8077306,2016-11-19,10.20286339855592,1.55877,455.4978189468384,-2800,-200,5,3.25,25.97,170
293,1056,8077306,2016-12-06,11.41829215810619,0.9611299999999999,114.7518391609192,-2800,-200,5,3.25,25.97,170
294,1057,8077306,2016-12-20,9.783935200699453,0.9455199999999999,302.8511536121368,-2800,-200,5,3.25,25.97,170
295,1072,8077306,2016-11-13,6.322454328954445,0.67792,27.69739556312561,-2800,-200,5,3.25,25.97,170
296,1073,8077306,2016-12-14,12.79921529609251,2.15641,2433.490160226822,-2800,-200,5,3.25,25.97,170
297,1074,8077306,2017-01-27,1.750194599142969,2.14749,53.77748084068298,-2800,-200,5,3.25,25.97,170
298,1075,8077306,2017-02-28,11.48803977508388,1.61675,4810.757717370987,-2800,-200,5,3.25,25.97,170
299,1078,8077306,2016-11-28,5.05524792644337,2.18986,151.5750901699066,-2800,-200,5,3.25,25.97,170
300,1093,8077306,2016-11-11,8.722023028733151,1.30455,54.26574420928955,-2800,-200,5,3.25,25.97,170
301,1094,8077306,2016-12-12,13.78010017993483,0.96559,1137.964949369431,-2800,-200,5,3.25,25.97,170
302,1095,8077306,2017-01-25,6.714008748386723,3.52117,613.4621188640594,-2800,-200,5,3.25,25.97,170
303,1096,8077306,2017-02-26,3.653697921712981,2.30359,39.47793245315552,-2800,-200,5,3.25,25.97,170
304,1100,8077306,2016-11-27,5.460237933644576,1.82637,635.2245554924011,-2800,-200,5,3.25,25.97,170
305,1101,8077306,2016-12-28,7.586151622914024,1.6948,748.037668466568,-2800,-200,5,3.25,25.97,170
306,1102,8077306,2017-03-01,6.209319066511945,2.68938,1382.298498153687,-2800,-200,5,3.25,25.97,170
307,1110,8077306,2016-11-24,2.939666809267325,0.94106,195.9024987220764,-2800,-200,5,3.25,25.97,170
308,1111,8077306,2016-12-25,6.778269211857239,1.73494,175.2265205383301,-2800,-200,5,3.25,25.97,170
309,1115,8077306,2016-11-30,5.025443904895809,1.05925,56.20298600196838,-2800,-200,5,3.25,25.97,170
310,1116,8077306,2017-01-13,2.847649960892028,1.05702,79.4621376991272,-2800,-200,5,3.25,25.97,170
311,1117,8077306,2017-02-14,7.934362935388263,1.03695,48.50854015350342,-2800,-200,5,3.25,25.97,170
312,1132,8077306,2016-11-14,8.962448133531595,2.43962,136.0519866943359,-2800,-200,5,3.25,25.97,170
313,1133,8077306,2016-12-15,3.802766796003788,0.64447,69.8346803188324,-2800,-200,5,3.25,25.97,170
314,1134,8077306,2016-12-29,7.215407507002801,1.32239,160.3723018169403,-2800,-200,5,3.25,25.97,170
315,1135,8077306,2017-01-28,6.896077132067382,2.07167,508.9476184844971,-2800,-200,5,3.25,25.97,170
316,1147,8077306,2016-11-09,4.942803334867029,0.8362499999999999,102.6969568729401,-2800,-200,5,3.25,25.97,170
317,1148,8077306,2016-12-10,4.550976689090878,1.28448,116.738420009613,-2800,-200,5,3.25,25.97,170
318,1149,8077306,2017-01-23,4.468855597432181,2.48422,183.3260538578033,-2800,-200,5,3.25,25.97,170
319,1150,8077306,2017-02-24,6.387285220249139,3.57692,667.2478320598602,-2800,-200,5,3.25,25.97,170
320,1160,8077306,2016-12-09,13.11919650978031,1.06148,984.3687570095062,-2800,-200,5,3.25,25.97,170
321,1161,8077306,2017-01-08,7.897901651822102,1.29563,163.3699858188629,-2800,-200,5,3.25,25.97,170
322,1162,8077306,2017-01-22,7.361618026549951,1.9178,305.5049014091492,-2800,-200,5,3.25,25.97,170
323,1163,8077306,2017-02-23,4.286379743665004,2.3192,195.8468732833862,-2800,-200,5,3.25,25.97,170
324,1168,8077306,2017-01-31,5.41046518866638,0.86078,147.0808274745941,-2800,-200,5,3.25,25.97,170
325,1174,8077306,2017-01-10,5.945605281918111,0.94775,117.7242517471313,-2800,-200,5,3.25,25.97,170
326,1175,8077306,2017-02-11,3.425820959509232,1.32239,105.7292618751526,-2800,-200,5,3.25,25.97,170
327,1186,8077306,2016-11-04,4.465070058866297,0.7738099999999999,199.739334821701,-2800,-200,5,3.25,25.97,170
328,1187,8077306,2016-12-05,11.79500070841276,1.18413,311.8181264400482,-2800,-200,5,3.25,25.97,170
329,1188,8077306,2016-12-19,3.409841676199235,1.64128,165.586186170578,-2800,-200,5,3.25,25.97,170
330,1189,8077306,2017-01-18,4.572437863183158,6.97767,475.1295914649963,-2800,-200,5,3.25,25.97,170
331,1190,8077306,2016-12-31,8.126462783468256,1.85536,210.4696917533875,-2800,-200,5,3.25,25.97,170
332,1191,8077306,2017-02-01,6.103525384698669,2.34373,2169.85752415657,-2800,-200,5,3.25,25.97,170
333,1194,8077306,2017-01-12,4.846831446907188,1.38706,58.30464148521423,-2800,-200,5,3.25,25.97,170
334,1195,8077306,2017-02-13,3.171487755869305,1.16183,237.4442608356476,-2800,-200,5,3.25,25.97,170
335,1200,8077306,2017-01-05,5.845772379490328,2.04045,46.9090793132782,-2800,-200,5,3.25,25.97,170
336,1201,8077306,2017-01-19,5.318284271523179,1.50302,73.49762201309204,-2800,-200,5,3.25,25.97,170
337,1202,8077306,2017-02-06,7.685077718551097,0.60656,74.47202968597412,-2800,-200,5,3.25,25.97,170
338,1203,8077306,2017-02-20,1.990415962551199,1.83306,58.53379416465759,-2800,-200,5,3.25,25.97,170
339,1213,8077306,2016-11-03,4.324516777326084,0.7782699999999999,74.52455520629883,-2800,-200,5,3.25,25.97,170
340,1214,8077306,2016-12-04,9.924969893895893,2.26345,588.7256252765656,-2800,-200,5,3.25,25.97,170
341,1215,8077306,2017-01-17,3.789797366802599,1.29117,350.6432454586029,-2800,-200,5,3.25,25.97,170
342,1216,8077306,2017-02-18,4.67365818027841,1.77062,286.1280643939972,-2800,-200,5,3.25,25.97,170
343,1220,8077306,2017-01-04,7.582925928632323,1.38706,271.5487575531006,-2800,-200,5,3.25,25.97,170
344,1221,8077306,2017-02-05,6.896243896116844,1.02134,108.6715853214264,-2800,-200,5,3.25,25.97,170
345,1222,8077306,2017-02-19,4.814783724959082,2.62694,117.8732576370239,-2800,-200,5,3.25,25.97,170
346,1237,8077306,2016-11-16,19.0207355573322,1.17075,1720.799268960953,-2800,-200,5,3.25,25.97,170
347,1238,8077306,2016-12-17,11.93159421931829,1.74609,779.1694903373718,-2800,-200,5,3.25,25.97,170
348,1248,8077306,2016-11-18,6.992294888813789,0.8674700000000001,166.6261274814606,-2800,-200,5,3.25,25.97,170
349,1256,8077306,2017-02-09,4.275011816954403,1.55877,457.5266001224518,-2800,-200,5,3.25,25.97,170
350,1257,8077306,2017-01-09,6.318307449223599,1.45842,70.45916438102722,-2800,-200,5,3.25,25.97,170
351,1258,8077306,2017-02-10,7.845671552065686,2.55781,7340.8799700737,-2800,-200,5,3.25,25.97,170
352,1260,8077306,2017-01-01,5.587002211176844,1.70372,1560.371145009995,-2800,-200,5,3.25,25.97,170
353,1261,8077306,2017-02-02,2.747092119914862,1.05033,47.83649516105652,-2800,-200,5,3.25,25.97,170
354,1264,8077306,2017-01-03,8.206651592756213,2.78973,271.831175327301,-2800,-200,5,3.25,25.97,170
355,1265,8077306,2017-02-04,6.010290102073461,1.115,126.8039126396179,-2800,-200,5,3.25,25.97,170
356,1271,8077306,2017-01-06,11.12715390207568,1.03249,125.4202842712402,-2800,-200,5,3.25,25.97,170
357,1272,8077306,2017-01-20,2.766949013539652,1.50748,32.8876895904541,-2800,-200,5,3.25,25.97,170
358,1273,8077306,2017-02-07,7.070392430953112,1.00573,53.79341316223145,-2800,-200,5,3.25,25.97,170
359,1274,8077306,2017-02-21,6.060083164484968,1.90219,1095.687397241592,-2800,-200,5,3.25,25.97,170
360,1283,3721593,2016-11-26,8.477561058795429,4.13219,397.2935628890991,-2000,1000,5,3.25,92.75,290
361,1284,3721593,2016-12-27,1.667898645405444,4.44662,162.02241563797,-2000,1000,5,3.25,92.75,290
362,1288,3721593,2016-11-27,6.14211395844921,5.07102,532.4202868938446,-2000,1000,5,3.25,92.75,290
363,1289,3721593,2016-12-28,6.223472708600053,2.44631,217.5112376213074,-2000,1000,5,3.25,92.75,290
364,1292,3721593,2016-11-28,7.216282607885557,2.94137,2994.811484336853,-2000,1000,5,3.25,92.75,290
365,1311,3721593,2016-11-15,10.7142582782591,2.79419,613.0280306339264,-2000,1000,5,3.25,92.75,290
366,1312,3721593,2016-11-29,7.778225063360638,3.25134,200.8876185417175,-2000,1000,5,3.25,92.75,290
367,1313,3721593,2016-12-16,9.024707196972964,3.44312,1196.77007818222,-2000,1000,5,3.25,92.75,290
368,1314,3721593,2016-12-30,5.353381206406227,3.90919,313.1925127506256,-2000,1000,5,3.25,92.75,290
369,1315,3721593,2016-12-31,5.403579875709409,4.42655,533.8090136051178,-2000,1000,5,3.25,92.75,290
370,1316,3721593,2017-02-01,4.691701919596536,3.24019,480.2514617443085,-2000,1000,5,3.25,92.75,290
371,1331,3721593,2016-11-14,6.354330844127499,3.6795,299.0624055862427,-2000,1000,5,3.25,92.75,290
372,1332,3721593,2016-12-15,9.595489696929478,2.28798,405.9565601348877,-2000,1000,5,3.25,92.75,290
373,1333,3721593,2016-12-29,7.232195114154345,2.97928,369.650908946991,-2000,1000,5,3.25,92.75,290
374,1334,3721593,2017-01-28,5.778717766005208,5.262799999999999,268.0292670726776,-2000,1000,5,3.25,92.75,290
375,1348,3721593,2016-11-06,8.962457858874751,2.69384,2170.23263001442,-2000,1000,5,3.25,92.75,290
376,1349,3721593,2016-11-20,8.304773748502019,3.27364,185.5298676490784,-2000,1000,5,3.25,92.75,290
377,1350,3721593,2016-12-07,11.12679990485629,2.19878,1499.531352519989,-2000,1000,5,3.25,92.75,290
378,1351,3721593,2016-12-21,8.660940214623318,2.25676,94.06747913360596,-2000,1000,5,3.25,92.75,290
379,1366,3721593,2016-11-12,8.924256785191124,4.014,1263.763594150543,-2000,1000,5,3.25,92.75,290
380,1367,3721593,2016-12-13,8.512724915900973,2.82764,550.355703830719,-2000,1000,5,3.25,92.75,290
381,1368,3721593,2017-01-26,8.069544100683721,2.63363,596.2030138969421,-2000,1000,5,3.25,92.75,290
382,1369,3721593,2017-02-27,6.232670267105935,4.08313,520.6689002513885,-2000,1000,5,3.25,92.75,290
383,1372,3721593,2017-01-03,7.473932059072792,3.59699,574.8450090885162,-2000,1000,5,3.25,92.75,290
384,1373,3721593,2017-02-04,7.387293129559557,2.97259,832.1114304065704,-2000,1000,5,3.25,92.75,290
385,1388,3721593,2016-11-11,5.757791663986437,3.00381,509.9214019775391,-2000,1000,5,3.25,92.75,290
386,1389,3721593,2016-12-12,8.960966845073246,3.23127,461.7173120975494,-2000,1000,5,3.25,92.75,290
387,1390,3721593,2017-01-25,3.642265294886582,3.15099,155.365519285202,-2000,1000,5,3.25,92.75,290
388,1391,3721593,2017-02-26,3.459799687545833,4.268219999999999,695.5343956947327,-2000,1000,5,3.25,92.75,290
389,1406,3721593,2016-11-10,5.849518715337703,2.97259,658.5477197170258,-2000,1000,5,3.25,92.75,290
390,1407,3721593,2016-12-11,9.683450406835485,3.25134,582.3496098518372,-2000,1000,5,3.25,92.75,290
391,1408,3721593,2017-01-24,4.746957342941548,4.42878,369.6464426517487,-2000,1000,5,3.25,92.75,290
392,1409,3721593,2017-02-25,8.98219816957703,3.46542,909.5018050670624,-2000,1000,5,3.25,92.75,290
393,1410,3721593,2017-01-10,8.1873551243206,4.09428,1092.090280294418,-2000,1000,5,3.25,92.75,290
394,1411,3721593,2017-02-11,5.196359323146136,2.76966,256.4468994140625,-2000,1000,5,3.25,92.75,290
395,1415,3721593,2017-01-04,13.11667369627033,3.03503,452.4773025512695,-2000,1000,5,3.25,92.75,290
396,1416,3721593,2017-02-05,7.090867376615388,4.16341,207.6946091651917,-2000,1000,5,3.25,92.75,290
397,1417,3721593,2017-02-19,7.182697904189613,4.40425,240.3844153881073,-2000,1000,5,3.25,92.75,290
398,1425,3721593,2016-12-02,8.076173498647748,2.64255,714.8626620769501,-2000,1000,5,3.25,92.75,290
399,1426,3721593,2017-01-15,5.436457653442061,3.71741,351.7269239425659,-2000,1000,5,3.25,92.75,290
400,1427,3721593,2017-01-29,3.422770077090038,3.00827,181.6148543357849,-2000,1000,5,3.25,92.75,290
401,1428,3721593,2017-02-16,6.334752145598046,5.26503,253.5246336460114,-2000,1000,5,3.25,92.75,290
402,1440,3721593,2016-11-09,8.706611440721378,1.64797,571.6842200756073,-2000,1000,5,3.25,92.75,290
403,1441,3721593,2016-12-10,9.30288195476824,3.04172,147.7837929725647,-2000,1000,5,3.25,92.75,290
404,1442,3721593,2017-01-23,4.244113994079412,6.02769,248.832505941391,-2000,1000,5,3.25,92.75,290
405,1443,3721593,2017-02-24,8.14135215713279,3.58138,217.2565066814423,-2000,1000,5,3.25,92.75,290
406,1447,3721593,2016-11-30,8.109001561551432,1.93564,855.2717728614807,-2000,1000,5,3.25,92.75,290
407,1448,3721593,2017-01-13,4.303868895774748,4.23923,102.9330017566681,-2000,1000,5,3.25,92.75,290
408,1449,3721593,2017-02-14,4.048127370588916,2.25676,232.354564666748,-2000,1000,5,3.25,92.75,290
409,1455,3721593,2017-01-05,3.937866418500283,2.46192,211.533944606781,-2000,1000,5,3.25,92.75,290
410,1456,3721593,2017-01-19,7.034737813323335,4.06083,271.4201083183289,-2000,1000,5,3.25,92.75,290
411,1457,3721593,2017-02-06,9.751479813506965,3.06625,1117.597208499908,-2000,1000,5,3.25,92.75,290
412,1458,3721593,2017-02-20,5.718587254535191,3.49441,571.4618782997131,-2000,1000,5,3.25,92.75,290
413,1469,3721593,2016-11-04,9.49110012090258,2.69384,425.3703365325928,-2000,1000,5,3.25,92.75,290
414,1470,3721593,2016-12-05,12.87531192602554,2.95252,1038.979161262512,-2000,1000,5,3.25,92.75,290
415,1471,3721593,2016-12-19,7.020133306968567,5.599530000000001,1525.3440554142,-2000,1000,5,3.25,92.75,290
416,1472,3721593,2017-01-18,3.624175729899511,5.51256,327.5943007469177,-2000,1000,5,3.25,92.75,290
417,1487,3721593,2016-12-09,7.580643978123423,2.16533,580.4581928253174,-2000,1000,5,3.25,92.75,290
418,1488,3721593,2017-01-08,9.83124564987367,1.66358,532.1950287818909,-2000,1000,5,3.25,92.75,290
419,1489,3721593,2017-01-22,6.83202671584062,4.97513,353.9595522880554,-2000,1000,5,3.25,92.75,290
420,1490,3721593,2017-02-23,8.014974954170858,3.31155,636.8292405605316,-2000,1000,5,3.25,92.75,290
421,1505,3721593,2016-11-02,8.499649819972078,2.60464,958.3073945045471,-2000,1000,5,3.25,92.75,290
422,1506,3721593,2016-12-03,8.056230331399995,2.30359,1150.391963481903,-2000,1000,5,3.25,92.75,290
423,1507,3721593,2017-01-16,5.771209719409893,4.580419999999999,696.0862309932709,-2000,1000,5,3.25,92.75,290
424,1508,3721593,2017-01-30,9.757058141046178,3.70849,680.8567359447479,-2000,1000,5,3.25,92.75,290
425,1509,3721593,2017-02-17,7.655943589801801,3.13984,664.3038275241852,-2000,1000,5,3.25,92.75,290
426,1522,3721593,2016-11-17,4.406816544001006,2.62917,318.3341207504272,-2000,1000,5,3.25,92.75,290
427,1523,3721593,2016-12-18,7.164970659656722,3.69734,494.1672339439392,-2000,1000,5,3.25,92.75,290
428,1529,3721593,2016-12-01,7.616334554308028,3.27587,526.2346646785736,-2000,1000,5,3.25,92.75,290
429,1530,3721593,2017-01-14,6.93148691929472,4.689690000000001,422.3688654899597,-2000,1000,5,3.25,92.75,290
430,1531,3721593,2017-02-15,7.536735427904201,2.12073,560.451602935791,-2000,1000,5,3.25,92.75,290
431,1546,3721593,2016-11-16,0.9031083098216662,3.00827,40.22406339645386,-2000,1000,5,3.25,92.75,290
432,1547,3721593,2016-12-17,0.0,4.19463,486.7092683315277,-2000,1000,5,3.25,92.75,290
433,1565,3721593,2016-11-13,8.538381180465008,3.791,669.1115465164185,-2000,1000,5,3.25,92.75,290
434,1566,3721593,2016-12-14,15.61949160603077,2.43962,1309.918687820435,-2000,1000,5,3.25,92.75,290
435,1567,3721593,2017-01-27,7.043545031663158,3.3227,622.9547717571259,-2000,1000,5,3.25,92.75,290
436,1568,3721593,2017-02-28,9.147571622144282,4.64063,404.0007162094116,-2000,1000,5,3.25,92.75,290
437,1570,3721593,2017-01-02,7.434394056169374,4.23477,1065.779589414597,-2000,1000,5,3.25,92.75,290
438,1571,3721593,2017-02-03,4.799859268100089,2.45077,372.5223407745361,-2000,1000,5,3.25,92.75,290
439,1581,3721593,2016-11-03,8.70578331697459,2.45969,972.0987319946289,-2000,1000,5,3.25,92.75,290
440,1582,3721593,2016-12-04,8.552159329788868,2.88562,1485.584528684616,-2000,1000,5,3.25,92.75,290
441,1583,3721593,2017-01-17,6.787422780471571,7.62437,2256.547585725784,-2000,1000,5,3.25,92.75,290
442,1584,3721593,2017-02-18,7.066148805247569,2.77858,339.0985305309296,-2000,1000,5,3.25,92.75,290
443,1587,3721593,2017-01-12,5.041171656662467,3.96717,237.6158604621887,-2000,1000,5,3.25,92.75,290
444,1588,3721593,2017-02-13,3.75193784302322,3.63713,98.62733054161072,-2000,1000,5,3.25,92.75,290
445,1590,3721593,2017-01-11,6.974356251264822,3.02388,929.0575246810913,-2000,1000,5,3.25,92.75,290
446,1591,3721593,2017-02-12,5.057213334557256,3.09747,486.2368009090424,-2000,1000,5,3.25,92.75,290
447,1599,3721593,2016-11-24,6.072551342922436,3.94933,219.3115139007568,-2000,1000,5,3.25,92.75,290
448,1600,3721593,2016-12-25,5.00537355777572,2.73398,213.6325342655182,-2000,1000,5,3.25,92.75,290
449,1611,3721593,2016-11-23,7.087584350490429,2.50652,317.3361358642578,-2000,1000,5,3.25,92.75,290
450,1612,3721593,2016-12-24,7.064979588844428,3.74863,299.2724814414978,-2000,1000,5,3.25,92.75,290
451,1613,3721593,2017-01-31,9.43614048603703,2.46861,471.477890253067,-2000,1000,5,3.25,92.75,290
452,1621,3721593,2017-01-07,13.47632336265751,2.91684,34.00357627868652,-2000,1000,5,3.25,92.75,290
453,1622,3721593,2017-01-21,2.399099996727927,2.8098,91.0562572479248,-2000,1000,5,3.25,92.75,290
454,1623,3721593,2017-02-08,9.818843166280866,2.61802,406.6513247489929,-2000,1000,5,3.25,92.75,290
455,1624,3721593,2017-02-22,5.810374397739316,2.42401,214.9044711589813,-2000,1000,5,3.25,92.75,290
456,1626,3721593,2017-01-01,11.37192995110607,2.57119,2180.163866281509,-2000,1000,5,3.25,92.75,290
457,1627,3721593,2017-02-02,7.97231725224863,3.03949,906.3023037910461,-2000,1000,5,3.25,92.75,290
458,1628,3721593,2017-02-09,7.049233972035845,3.90473,556.6670274734497,-2000,1000,5,3.25,92.75,290
459,1634,3721593,2017-01-06,11.33452941810789,3.61706,543.5687184333801,-2000,1000,5,3.25,92.75,290
460,1635,3721593,2017-01-20,6.705102878123488,5.56162,259.6067967414856,-2000,1000,5,3.25,92.75,290
461,1636,3721593,2017-02-07,12.07034522345297,3.2112,508.4941990375519,-2000,1000,5,3.25,92.75,290
462,1637,3721593,2017-02-21,7.822251968621686,3.52786,769.562043428421,-2000,1000,5,3.25,92.75,290
463,1650,3721593,2016-11-05,6.126422116850626,2.76297,500.0074853897095,-2000,1000,5,3.25,92.75,290
464,1651,3721593,2016-11-19,9.547591033583567,2.60241,229.6121020317078,-2000,1000,5,3.25,92.75,290
465,1652,3721593,2016-12-06,5.588255972632061,1.91334,286.5494539737701,-2000,1000,5,3.25,92.75,290
466,1653,3721593,2016-12-20,4.429761216696196,3.0105,256.0230550765991,-2000,1000,5,3.25,92.75,290
467,1665,3721593,2016-11-07,8.035239903621672,2.04491,318.4665832519531,-2000,1000,5,3.25,92.75,290
468,1666,3721593,2016-11-21,7.195415871450295,3.11977,592.2266867160797,-2000,1000,5,3.25,92.75,290
469,1667,3721593,2016-12-08,6.882893089287586,2.59795,412.3192920684814,-2000,1000,5,3.25,92.75,290
470,1668,3721593,2016-12-22,8.899193236520388,4.42878,917.8579025268555,-2000,1000,5,3.25,92.75,290
471,1680,3721593,2016-11-08,12.81276670015888,2.30359,1052.422256231308,-2000,1000,5,3.25,92.75,290
472,1681,3721593,2016-11-22,10.73838578744772,2.34819,246.0823748111725,-2000,1000,5,3.25,92.75,290
473,1682,3721593,2016-12-23,7.680149459834544,4.725370000000001,142.765166759491,-2000,1000,5,3.25,92.75,290
474,1683,3721593,2017-03-01,4.276949137515804,3.53678,279.1410136222839,-2000,1000,5,3.25,92.75,290
475,1693,3721593,2016-11-18,3.21504807718643,3.24242,369.229398727417,-2000,1000,5,3.25,92.75,290
476,1694,3721593,2017-01-09,8.595700933898831,2.97705,731.7317779064178,-2000,1000,5,3.25,92.75,290
477,1695,3721593,2017-02-10,6.309077252927316,5.59284,235.5218367576599,-2000,1000,5,3.25,92.75,290
478,1702,3721593,2016-11-25,9.727490896729782,4.84802,981.6194231510162,-2000,1000,5,3.25,92.75,290
479,1703,3721593,2016-12-26,9.062469319646207,4.13219,791.466071844101,-2000,1000,5,3.25,92.75,290
480,1707,6677905,2016-11-30,7.173105816756809,11.21244,4720.35257935524,4900,1200,5,3.25,70.49,20
481,1708,6677905,2017-01-13,2.940531997498218,14.19395,1477.984263181686,4900,1200,5,3.25,70.49,20
482,1709,6677905,2017-02-14,7.660456440098756,18.92824,1647.74561715126,4900,1200,5,3.25,70.49,20
483,1715,6677905,2016-12-01,3.842506902548921,10.56128,1130.078056812286,4900,1200,5,3.25,70.49,20
484,1716,6677905,2017-01-14,3.482447742785207,15.02797,3491.646851062775,4900,1200,5,3.25,70.49,20
485,1717,6677905,2017-02-15,6.203323299767177,14.86741,3238.068155050278,4900,1200,5,3.25,70.49,20
486,1725,6677905,2016-12-02,5.647863114843581,11.63614,3301.363394975662,4900,1200,5,3.25,70.49,20
487,1726,6677905,2017-01-15,3.958821588089088,14.12928,2079.225045681,4900,1200,5,3.25,70.49,20
488,1727,6677905,2017-01-29,3.058421296853356,14.28538,1409.737079381943,4900,1200,5,3.25,70.49,20
489,1728,6677905,2017-02-16,4.857410714846922,12.02639,5362.530207157135,4900,1200,5,3.25,70.49,20
490,1738,6677905,2016-12-09,4.2346741965546,13.53833,3378.778340816498,4900,1200,5,3.25,70.49,20
491,1739,6677905,2017-01-08,4.376159348204756,13.02766,3320.773491859436,4900,1200,5,3.25,70.49,20
492,1740,6677905,2017-01-22,7.532306681338655,20.08784,1558.776473045349,4900,1200,5,3.25,70.49,20
493,1741,6677905,2017-02-23,6.042356948564246,17.40069,2190.929476261139,4900,1200,5,3.25,70.49,20
494,1756,6677905,2016-11-13,3.967609978000461,11.53802,1920.544027328491,4900,1200,5,3.25,70.49,20
495,1757,6677905,2016-12-14,4.16906757863051,13.66098,3909.309237957001,4900,1200,5,3.25,70.49,20
496,1758,6677905,2017-01-27,9.803620624711469,21.75588,2488.715043306351,4900,1200,5,3.25,70.49,20
497,1759,6677905,2017-02-28,4.352402742344849,21.46598,3435.536996364594,4900,1200,5,3.25,70.49,20
498,1761,6677905,2017-01-02,5.37593545478715,11.91712,2021.914234876633,4900,1200,5,3.25,70.49,20
499,1762,6677905,2017-02-03,4.607200144029679,18.87249,3400.87496805191,4900,1200,5,3.25,70.49,20
500,1774,6677905,2016-11-08,4.862340529113713,12.90501,3300.908032178879,4900,1200,5,3.25,70.49,20
501,1775,6677905,2016-11-22,5.244661698920813,12.16019,1982.236265897751,4900,1200,5,3.25,70.49,20
502,1776,6677905,2016-12-23,3.015550298199054,14.59981,2493.595196008682,4900,1200,5,3.25,70.49,20
503,1777,6677905,2017-01-01,7.230497827889731,13.07449,3460.83621430397,4900,1200,5,3.25,70.49,20
504,1778,6677905,2017-02-02,6.071509897010858,18.43095,2167.648310422897,4900,1200,5,3.25,70.49,20
505,1779,6677905,2017-01-31,8.979269789362286,19.38539,2415.823460578918,4900,1200,5,3.25,70.49,20
506,1786,6677905,2016-11-25,7.667337464561959,10.96937,1981.587577819824,4900,1200,5,3.25,70.49,20
507,1787,6677905,2016-12-26,5.144324352291185,15.31564,2400.291715621948,4900,1200,5,3.25,70.49,20
508,1788,6677905,2017-03-01,3.175647772081583,20.93524,393.8045837879181,4900,1200,5,3.25,70.49,20
509,1798,6677905,2016-11-18,4.664684920170374,13.82377,2559.272980213165,4900,1200,5,3.25,70.49,20
510,1804,6677905,2016-11-26,4.842542231826932,10.65717,2484.293796539307,4900,1200,5,3.25,70.49,20
511,1805,6677905,2016-12-27,3.16516769806632,15.5877,2458.379931926727,4900,1200,5,3.25,70.49,20
512,1818,6677905,2016-11-02,5.655850699754377,12.76006,1509.944578886032,4900,1200,5,3.25,70.49,20
513,1819,6677905,2016-12-03,3.347929637697007,9.858830000000001,1963.602659225464,4900,1200,5,3.25,70.49,20
514,1820,6677905,2017-01-16,6.253676055507997,17.54564,3529.783717393875,4900,1200,5,3.25,70.49,20
515,1821,6677905,2017-01-30,2.8334863339665,12.34528,1591.055068016052,4900,1200,5,3.25,70.49,20
516,1822,6677905,2017-02-17,5.378968252310041,16.75399,2955.394244194031,4900,1200,5,3.25,70.49,20
517,1826,6677905,2016-11-27,5.222507322323911,13.50934,2939.835504770279,4900,1200,5,3.25,70.49,20
518,1827,6677905,2016-12-28,9.466027855332516,12.16688,3374.153532743454,4900,1200,5,3.25,70.49,20
519,1835,6677905,2017-01-07,4.295020869046952,14.05569,2634.650482416153,4900,1200,5,3.25,70.49,20
520,1836,6677905,2017-01-21,2.597782291250601,13.5138,2074.211861371994,4900,1200,5,3.25,70.49,20
521,1837,6677905,2017-02-08,5.344686410733714,11.39084,1749.481601953506,4900,1200,5,3.25,70.49,20
522,1838,6677905,2017-02-22,5.500699723245105,12.77567,2828.310122013092,4900,1200,5,3.25,70.49,20
523,1844,6677905,2017-01-06,4.349404474672,15.69697,3147.106290578842,4900,1200,5,3.25,70.49,20
524,1845,6677905,2017-01-20,3.540617768004834,14.17834,2486.032509803772,4900,1200,5,3.25,70.49,20
525,1846,6677905,2017-02-07,6.170874037725083,21.14486,1889.211251020432,4900,1200,5,3.25,70.49,20
526,1847,6677905,2017-02-21,5.701758222466463,17.81324,2270.824335813522,4900,1200,5,3.25,70.49,20
527,1852,6677905,2017-01-04,4.766074064960435,14.95884,4179.511185884476,4900,1200,5,3.25,70.49,20
528,1853,6677905,2017-02-05,6.703331821480495,15.03466,3054.422379493713,4900,1200,5,3.25,70.49,20
529,1854,6677905,2017-02-19,4.008460554594625,12.74445,1945.724874019623,4900,1200,5,3.25,70.49,20
530,1860,6677905,2017-01-03,4.542416133746979,12.71323,2322.446733474731,4900,1200,5,3.25,70.49,20
531,1861,6677905,2017-02-04,4.661600518446114,15.02797,6213.159681797028,4900,1200,5,3.25,70.49,20
532,1873,6677905,2016-11-09,4.758110087195845,14.2497,2141.784482479095,4900,1200,5,3.25,70.49,20
533,1874,6677905,2016-12-10,5.350948557974558,12.05092,2194.896734476089,4900,1200,5,3.25,70.49,20
534,1875,6677905,2017-01-23,4.364498509172794,14.93877,3121.312630414963,4900,1200,5,3.25,70.49,20
535,1876,6677905,2017-02-24,4.041211965537455,22.96008,1789.40155339241,4900,1200,5,3.25,70.49,20
536,1877,6677905,2016-12-31,4.846830107254826,12.01747,2412.170930624008,4900,1200,5,3.25,70.49,20
537,1878,6677905,2017-02-01,0.0,13.9375,2831.189830780029,4900,1200,5,3.25,70.49,20
538,1886,6677905,2016-11-24,4.032387966392565,15.21752,3336.539333105087,4900,1200,5,3.25,70.49,20
539,1887,6677905,2016-12-25,4.140318039731683,14.8518,2590.048222303391,4900,1200,5,3.25,70.49,20
540,1901,6677905,2017-01-11,4.428379305793423,13.73011,3218.582996606827,4900,1200,5,3.25,70.49,20
541,1902,6677905,2017-02-12,8.349062581790031,19.61508,1387.413082838058,4900,1200,5,3.25,70.49,20
542,1917,6677905,2016-11-10,4.355573235821584,12.16242,1956.020864725113,4900,1200,5,3.25,70.49,20
543,1918,6677905,2016-12-11,3.543440512866152,13.97095,1966.43415927887,4900,1200,5,3.25,70.49,20
544,1919,6677905,2017-01-24,3.621739796568077,14.77598,3268.227709293365,4900,1200,5,3.25,70.49,20
545,1920,6677905,2017-02-25,4.347687690729826,13.37331,1996.708360671997,4900,1200,5,3.25,70.49,20
546,1921,6677905,2017-01-10,4.211600196148654,16.05377,4217.590884685516,4900,1200,5,3.25,70.49,20
547,1922,6677905,2017-02-11,6.504574052289219,22.46948,927.0500180721283,4900,1200,5,3.25,70.49,20
548,1934,6677905,2016-11-07,3.820485164502571,16.70047,2604.834790945053,4900,1200,5,3.25,70.49,20
549,1935,6677905,2016-11-21,9.11187129211641,12.48577,3064.443476676941,4900,1200,5,3.25,70.49,20
550,1936,6677905,2016-12-08,4.751383058619296,12.55044,2027.012021780014,4900,1200,5,3.25,70.49,20
551,1937,6677905,2016-12-22,3.373113511968036,16.20095,3877.319412708282,4900,1200,5,3.25,70.49,20
552,1953,6677905,2016-11-11,4.390751111465597,9.80531,2294.353227615356,4900,1200,5,3.25,70.49,20
553,1954,6677905,2016-12-12,3.473971463505676,10.70177,1796.428693294525,4900,1200,5,3.25,70.49,20
554,1955,6677905,2017-01-25,4.865398315215901,19.76449,2556.054108381271,4900,1200,5,3.25,70.49,20
555,1956,6677905,2017-02-26,2.794928133901248,17.55233,2256.002031564713,4900,1200,5,3.25,70.49,20
556,1966,6677905,2016-11-23,4.199477551321885,13.56286,1750.782471418381,4900,1200,5,3.25,70.49,20
557,1967,6677905,2016-12-24,3.440275457391121,17.52111,2710.037945270538,4900,1200,5,3.25,70.49,20
558,1982,6677905,2016-11-16,5.076457890884162,14.06461,4033.9471783638,4900,1200,5,3.25,70.49,20
559,1983,6677905,2016-12-17,3.679346453278014,17.38731,3310.481204271317,4900,1200,5,3.25,70.49,20
560,1986,6677905,2016-11-28,3.43454755759417,11.51572,1955.66407251358,4900,1200,5,3.25,70.49,20
561,2001,6677905,2016-11-15,5.585840170542296,9.76517,2110.948902130127,4900,1200,5,3.25,70.49,20
562,2002,6677905,2016-11-29,4.839034881849535,11.1277,1632.253525972366,4900,1200,5,3.25,70.49,20
563,2003,6677905,2016-12-16,3.307701277391141,15.63453,2200.972760677338,4900,1200,5,3.25,70.49,20
564,2004,6677905,2016-12-30,4.892942780712964,12.52814,1839.52739071846,4900,1200,5,3.25,70.49,20
565,2005,6677905,2017-02-09,3.027554611655579,19.95181,247.336706161499,4900,1200,5,3.25,70.49,20
566,2006,6677905,2017-01-09,3.056590281605518,10.63933,1068.970561981201,4900,1200,5,3.25,70.49,20
567,2007,6677905,2017-02-10,5.496769298964888,19.03528,2288.100159883499,4900,1200,5,3.25,70.49,20
568,2017,6677905,2016-11-03,3.910892793559225,14.98114,3404.239824533463,4900,1200,5,3.25,70.49,20
569,2018,6677905,2016-12-04,3.748212162908016,11.22359,3546.698133468628,4900,1200,5,3.25,70.49,20
570,2019,6677905,2017-01-17,3.949419093442953,14.41249,2325.708479642868,4900,1200,5,3.25,70.49,20
571,2020,6677905,2017-02-18,5.833841296152031,18.21687,3162.378240346909,4900,1200,5,3.25,70.49,20
572,2031,6677905,2016-11-04,4.591804087622185,13.36662,1939.004269361496,4900,1200,5,3.25,70.49,20
573,2032,6677905,2016-12-05,4.352076197777659,12.86041,1780.409091472626,4900,1200,5,3.25,70.49,20
574,2033,6677905,2016-12-19,3.436044890223598,14.14712,3415.488082885742,4900,1200,5,3.25,70.49,20
575,2034,6677905,2017-01-18,4.077396416198315,15.45167,2363.337053775787,4900,1200,5,3.25,70.49,20
576,2047,6677905,2016-11-05,4.213006455892986,12.99867,2982.700522899628,4900,1200,5,3.25,70.49,20
577,2048,6677905,2016-11-19,4.258992754928382,12.32298,2245.55049943924,4900,1200,5,3.25,70.49,20
578,2049,6677905,2016-12-06,5.192422225125531,10.38288,1358.967127799988,4900,1200,5,3.25,70.49,20
579,2050,6677905,2016-12-20,2.616677084012742,13.99548,1732.776233673096,4900,1200,5,3.25,70.49,20
580,2064,6677905,2016-11-06,4.942531085007213,12.57274,1994.943405628204,4900,1200,5,3.25,70.49,20
581,2065,6677905,2016-11-20,6.127503763100259,11.15669,2354.198748826981,4900,1200,5,3.25,70.49,20
582,2066,6677905,2016-12-07,5.108304775694288,11.61384,2908.629061937332,4900,1200,5,3.25,70.49,20
583,2067,6677905,2016-12-21,4.08971496206505,14.08691,2709.047867536545,4900,1200,5,3.25,70.49,20
584,2072,6677905,2017-01-05,5.696754602734878,11.58931,2075.668256521225,4900,1200,5,3.25,70.49,20
585,2073,6677905,2017-01-19,3.041407064327102,14.15158,5267.251462459564,4900,1200,5,3.25,70.49,20
586,2074,6677905,2017-02-06,5.311125962130834,12.95853,1578.090317726135,4900,1200,5,3.25,70.49,20
587,2075,6677905,2017-02-20,9.222840560722785,19.01075,2806.211210489273,4900,1200,5,3.25,70.49,20
588,2090,6677905,2016-11-12,8.217362440871309,11.01174,1378.153325080872,4900,1200,5,3.25,70.49,20
589,2091,6677905,2016-12-13,7.946373141836374,11.76102,4928.779238700867,4900,1200,5,3.25,70.49,20
590,2092,6677905,2017-01-26,5.632760971769346,13.21944,2580.945291042328,4900,1200,5,3.25,70.49,20
591,2093,6677905,2017-02-27,3.121871299088137,24.07062,349.6282293796539,4900,1200,5,3.25,70.49,20
592,2108,6677905,2016-11-14,4.375959415528274,11.69412,2337.915124177933,4900,1200,5,3.25,70.49,20
593,2109,6677905,2016-12-15,3.749703772000207,14.19841,2583.570900917053,4900,1200,5,3.25,70.49,20
594,2110,6677905,2016-12-29,5.295431298161002,12.14458,2182.838104486465,4900,1200,5,3.25,70.49,20
595,2111,6677905,2017-01-28,4.209979409275731,19.25605,1005.964503526688,4900,1200,5,3.25,70.49,20
596,2124,6677905,2016-11-17,6.182723597314228,11.29495,2168.743958473206,4900,1200,5,3.25,70.49,20
597,2125,6677905,2016-12-18,2.915751912143144,15.44052,3059.892046451569,4900,1200,5,3.25,70.49,20
598,2128,6677905,2017-01-12,3.167975931674126,12.84034,1686.335158109665,4900,1200,5,3.25,70.49,20
599,2129,6677905,2017-02-13,6.287585970896603,12.09106,1271.715558767319,4900,1200,5,3.25,70.49,20
600,2132,6579939,2016-11-28,3.512197961654405,9.589,1675.598853111267,-1900,1800,5,3.25,66.78,30
601,2147,6579939,2016-11-17,4.483628884764218,13.72342,2661.374647855759,-1900,1800,5,3.25,66.78,30
602,2148,6579939,2016-12-18,5.952185253059175,14.04008,1809.720626592636,-1900,1800,5,3.25,66.78,30
603,2150,6579939,2017-01-02,6.52964963339956,10.51891,1833.29017663002,-1900,1800,5,3.25,66.78,30
604,2151,6579939,2017-02-03,3.922360277404991,10.96045,2153.767340183258,-1900,1800,5,3.25,66.78,30
605,2166,6579939,2016-11-16,5.690928062361468,12.07545,946.7130389213562,-1900,1800,5,3.25,66.78,30
606,2167,6579939,2016-12-17,6.239483254445027,12.25162,3230.98556804657,-1900,1800,5,3.25,66.78,30
607,2179,6579939,2016-11-08,3.518296074191468,9.70942,2032.021455764771,-1900,1800,5,3.25,66.78,30
608,2180,6579939,2016-11-22,4.351288475204132,12.92731,1460.598313331604,-1900,1800,5,3.25,66.78,30
609,2181,6579939,2016-12-23,6.139839269695194,15.99802,3008.932197332382,-1900,1800,5,3.25,66.78,30
610,2196,6579939,2016-11-14,4.826968260602885,12.14012,2367.148744344711,-1900,1800,5,3.25,66.78,30
611,2197,6579939,2016-12-15,7.113563664755658,11.30387,1706.986135005951,-1900,1800,5,3.25,66.78,30
612,2198,6579939,2016-12-29,5.110598885174517,12.55936,1467.511907577515,-1900,1800,5,3.25,66.78,30
613,2199,6579939,2017-01-28,7.595778119348676,10.58358,3597.006978750229,-1900,1800,5,3.25,66.78,30
614,2204,6579939,2017-01-05,5.985515924208777,8.993590000000001,725.5015845298767,-1900,1800,5,3.25,66.78,30
615,2205,6579939,2017-01-19,6.974212329931726,13.14362,3897.471449613571,-1900,1800,5,3.25,66.78,30
616,2206,6579939,2017-02-06,7.648760758945466,10.44086,1622.129221439362,-1900,1800,5,3.25,66.78,30
617,2207,6579939,2017-02-20,6.52763091391014,12.40772,1586.447453737259,-1900,1800,5,3.25,66.78,30
618,2222,6579939,2016-11-13,5.484504867356103,12.53706,1700.599463939667,-1900,1800,5,3.25,66.78,30
619,2223,6579939,2016-12-14,6.227497460605734,11.77217,1503.96164727211,-1900,1800,5,3.25,66.78,30
620,2224,6579939,2017-01-27,4.480258165300251,10.44309,1037.101966619492,-1900,1800,5,3.25,66.78,30
621,2225,6579939,2017-02-28,5.741564784892337,11.44659,2462.9017765522,-1900,1800,5,3.25,66.78,30
622,2240,6579939,2016-11-12,4.379563040098416,13.70558,2258.30792760849,-1900,1800,5,3.25,66.78,30
623,2241,6579939,2016-12-13,6.539868103595649,12.49469,2678.722598791122,-1900,1800,5,3.25,66.78,30
624,2242,6579939,2017-01-26,5.778163637738491,11.91712,1474.857667684555,-1900,1800,5,3.25,66.78,30
625,2243,6579939,2017-02-27,4.915578027636329,13.20606,2090.970699310303,-1900,1800,5,3.25,66.78,30
626,2246,6579939,2017-01-12,6.496502080272755,12.73553,2909.183616876602,-1900,1800,5,3.25,66.78,30
627,2247,6579939,2017-02-13,9.544275527483018,11.66513,4909.764496803284,-1900,1800,5,3.25,66.78,30
628,2253,6579939,2017-01-06,4.469307850590177,9.69827,821.4735019207001,-1900,1800,5,3.25,66.78,30
629,2254,6579939,2017-01-20,5.136302932659613,12.82027,4036.565075159073,-1900,1800,5,3.25,66.78,30
630,2255,6579939,2017-02-07,6.700259945856629,9.185369999999999,1589.040275812149,-1900,1800,5,3.25,66.78,30
631,2256,6579939,2017-02-21,6.461841636130302,11.76548,2283.443689107895,-1900,1800,5,3.25,66.78,30
632,2266,6579939,2016-11-03,4.564606324334767,10.258,2235.416923999786,-1900,1800,5,3.25,66.78,30
633,2267,6579939,2016-12-04,4.288317782613023,13.31087,4235.834554672241,-1900,1800,5,3.25,66.78,30
634,2268,6579939,2017-01-17,6.290701370097229,11.65175,1608.135285139084,-1900,1800,5,3.25,66.78,30
635,2269,6579939,2017-02-18,5.036707427801037,15.27327,3835.222403287888,-1900,1800,5,3.25,66.78,30
636,2284,6579939,2016-11-11,3.727686371897569,12.34751,1451.71626830101,-1900,1800,5,3.25,66.78,30
637,2285,6579939,2016-12-12,5.825193120019594,11.32394,955.6870770454407,-1900,1800,5,3.25,66.78,30
638,2286,6579939,2017-01-25,4.633765610066531,13.18376,2514.382309675217,-1900,1800,5,3.25,66.78,30
639,2287,6579939,2017-02-26,3.780680389429687,14.50838,1329.042144536972,-1900,1800,5,3.25,66.78,30
640,2295,6579939,2016-12-02,3.459497133555501,12.5772,1785.380308866501,-1900,1800,5,3.25,66.78,30
641,2296,6579939,2017-01-15,5.641730362790544,12.02862,1425.694800853729,-1900,1800,5,3.25,66.78,30
642,2297,6579939,2017-01-29,5.631841408809944,13.86837,3027.580341100693,-1900,1800,5,3.25,66.78,30
643,2298,6579939,2017-02-16,4.539830604416556,11.39084,2091.329736471176,-1900,1800,5,3.25,66.78,30
644,2306,6579939,2017-01-07,5.520045492632637,8.21309,929.50736951828,-1900,1800,5,3.25,66.78,30
645,2307,6579939,2017-01-21,4.341448248715939,12.55936,1898.153563499451,-1900,1800,5,3.25,66.78,30
646,2308,6579939,2017-02-08,5.97450405403792,12.74891,1924.415717840195,-1900,1800,5,3.25,66.78,30
647,2309,6579939,2017-02-22,8.329497767363028,11.54694,4650.936550617218,-1900,1800,5,3.25,66.78,30
648,2323,6579939,2016-11-06,4.803087750347372,12.18249,1566.17587852478,-1900,1800,5,3.25,66.78,30
649,2324,6579939,2016-11-20,5.190406796074684,14.20956,1673.421511888504,-1900,1800,5,3.25,66.78,30
650,2325,6579939,2016-12-07,5.043727317000409,12.24047,2565.525568008423,-1900,1800,5,3.25,66.78,30
651,2326,6579939,2016-12-21,4.492078240368563,14.63103,2985.189133167267,-1900,1800,5,3.25,66.78,30
652,2344,6579939,2016-11-10,5.574530163636647,10.95153,1292.005009651184,-1900,1800,5,3.25,66.78,30
653,2345,6579939,2016-12-11,7.068005799396372,13.21275,2114.062707185745,-1900,1800,5,3.25,66.78,30
654,2346,6579939,2017-01-24,4.543082237004551,10.53452,1460.603193998337,-1900,1800,5,3.25,66.78,30
655,2347,6579939,2017-02-25,7.137536106120428,12.03531,2170.515976190567,-1900,1800,5,3.25,66.78,30
656,2362,6579939,2016-11-04,5.993446845659451,13.42683,1717.359518766403,-1900,1800,5,3.25,66.78,30
657,2363,6579939,2016-12-05,3.695713060111529,12.8448,1864.418544530869,-1900,1800,5,3.25,66.78,30
658,2364,6579939,2016-12-19,5.325875813276615,14.20733,1703.020618200302,-1900,1800,5,3.25,66.78,30
659,2365,6579939,2017-01-18,6.903122168574804,13.05219,3457.048911333084,-1900,1800,5,3.25,66.78,30
660,2380,6579939,2016-11-02,5.323137235544864,9.28126,2083.784021139145,-1900,1800,5,3.25,66.78,30
661,2381,6579939,2016-12-03,2.885312337163831,13.34209,762.29447889328,-1900,1800,5,3.25,66.78,30
662,2382,6579939,2017-01-16,6.348506942017253,10.32936,3047.16633605957,-1900,1800,5,3.25,66.78,30
663,2383,6579939,2017-01-30,6.804057327869631,11.1723,2986.385253190994,-1900,1800,5,3.25,66.78,30
664,2384,6579939,2017-02-17,6.077947171761977,13.09233,3003.453679084778,-1900,1800,5,3.25,66.78,30
665,2394,6579939,2016-11-18,4.514470246493658,11.48227,4065.856851577759,-1900,1800,5,3.25,66.78,30
666,2410,6579939,2016-11-15,3.870159118678017,10.74414,922.8943493366241,-1900,1800,5,3.25,66.78,30
667,2411,6579939,2016-11-29,3.727758637076612,11.2392,1780.409893989563,-1900,1800,5,3.25,66.78,30
668,2412,6579939,2016-12-16,5.989301509306427,12.76452,1411.041174650192,-1900,1800,5,3.25,66.78,30
669,2413,6579939,2016-12-30,3.23682483119375,10.17995,600.7414910793304,-1900,1800,5,3.25,66.78,30
670,2417,6579939,2017-01-04,5.281493532554783,9.93911,1052.35267329216,-1900,1800,5,3.25,66.78,30
671,2418,6579939,2017-02-05,7.857847563677252,11.54917,2381.012263774872,-1900,1800,5,3.25,66.78,30
672,2419,6579939,2017-02-19,4.665891255465357,9.45966,798.5072610378265,-1900,1800,5,3.25,66.78,30
673,2432,6579939,2016-11-05,6.834749038845668,10.26023,2285.929217815399,-1900,1800,5,3.25,66.78,30
674,2433,6579939,2016-11-19,4.533095796009636,12.7333,3658.474158525467,-1900,1800,5,3.25,66.78,30
675,2434,6579939,2016-12-06,4.264867832171825,11.02066,1493.984006643295,-1900,1800,5,3.25,66.78,30
676,2435,6579939,2016-12-20,5.735986782975364,18.77214,4096.941637039185,-1900,1800,5,3.25,66.78,30
677,2441,6579939,2016-12-01,3.549855490039841,11.21913,1836.301760435104,-1900,1800,5,3.25,66.78,30
678,2442,6579939,2017-01-14,5.171735860849631,9.0315,2099.621202468872,-1900,1800,5,3.25,66.78,30
679,2443,6579939,2017-02-15,5.08218677866654,12.53483,1026.050579309464,-1900,1800,5,3.25,66.78,30
680,2447,6579939,2016-11-30,4.148525193629144,13.06334,1856.267435073853,-1900,1800,5,3.25,66.78,30
681,2448,6579939,2017-01-13,5.057750107102002,10.43417,2192.841325998306,-1900,1800,5,3.25,66.78,30
682,2449,6579939,2017-02-14,7.495404738743591,9.39722,1526.466451406479,-1900,1800,5,3.25,66.78,30
683,2455,6579939,2016-11-26,5.00007143390146,12.14458,3815.476801872253,-1900,1800,5,3.25,66.78,30
684,2456,6579939,2016-12-27,7.611091223657292,11.47558,2423.259000301361,-1900,1800,5,3.25,66.78,30
685,2463,6579939,2016-11-25,3.24836376786024,12.86933,1589.74850487709,-1900,1800,5,3.25,66.78,30
686,2464,6579939,2016-12-26,5.57526487011149,15.33794,2137.228305339813,-1900,1800,5,3.25,66.78,30
687,2465,6579939,2017-01-01,5.657056611132913,8.91108,1232.012084960938,-1900,1800,5,3.25,66.78,30
688,2466,6579939,2017-02-02,5.798629139421467,16.73392,3607.26713681221,-1900,1800,5,3.25,66.78,30
689,2478,6579939,2016-11-09,4.499400795007539,9.52656,1825.817448377609,-1900,1800,5,3.25,66.78,30
690,2479,6579939,2016-12-10,6.707926973180961,12.14681,1758.241354942322,-1900,1800,5,3.25,66.78,30
691,2480,6579939,2017-01-23,4.546238187828841,13.76802,2209.147712230682,-1900,1800,5,3.25,66.78,30
692,2481,6579939,2017-02-24,6.470278225236732,12.16019,2220.849138259888,-1900,1800,5,3.25,66.78,30
693,2484,6579939,2017-01-03,6.374789167015161,13.03212,1926.677627563477,-1900,1800,5,3.25,66.78,30
694,2485,6579939,2017-02-04,7.534654383148729,9.160839999999999,1817.647849559784,-1900,1800,5,3.25,66.78,30
695,2486,6579939,2017-01-10,6.900696755145792,10.31152,1555.80867099762,-1900,1800,5,3.25,66.78,30
696,2487,6579939,2017-02-11,6.407792227951126,10.29591,1890.015270709991,-1900,1800,5,3.25,66.78,30
697,2497,6579939,2016-12-09,3.645291982276975,14.59312,2238.768048524857,-1900,1800,5,3.25,66.78,30
698,2498,6579939,2017-01-08,5.220044401671506,10.22678,1306.303236246109,-1900,1800,5,3.25,66.78,30
699,2499,6579939,2017-01-22,6.486803837246844,11.56478,1911.410867929459,-1900,1800,5,3.25,66.78,30
700,2500,6579939,2017-02-23,9.80498221296887,13.13247,4372.744526386261,-1900,1800,5,3.25,66.78,30
701,2501,6579939,2017-01-09,4.93831763439459,8.72599,1784.749045372009,-1900,1800,5,3.25,66.78,30
702,2502,6579939,2017-02-10,5.629757037048484,8.10159,1533.549919605255,-1900,1800,5,3.25,66.78,30
703,2514,6579939,2016-11-07,4.446298747310963,13.64983,2846.868932008743,-1900,1800,5,3.25,66.78,30
704,2515,6579939,2016-11-21,4.165410462148027,12.98083,1655.881958723068,-1900,1800,5,3.25,66.78,30
705,2516,6579939,2016-12-08,3.586840869868289,12.04869,2758.376176118851,-1900,1800,5,3.25,66.78,30
706,2517,6579939,2016-12-22,6.40139323732801,11.77886,1879.922943592072,-1900,1800,5,3.25,66.78,30
707,2527,6579939,2016-11-23,4.513769346216066,15.98241,2514.078716993332,-1900,1800,5,3.25,66.78,30
708,2528,6579939,2016-12-24,6.318631038660645,11.62499,2287.362783193588,-1900,1800,5,3.25,66.78,30
709,2536,6579939,2016-11-24,6.569542412819235,11.46889,1607.084281682968,-1900,1800,5,3.25,66.78,30
710,2537,6579939,2016-12-25,6.348698772635136,14.70016,2117.125198364258,-1900,1800,5,3.25,66.78,30
711,2538,6579939,2017-03-01,5.846061712027034,12.98306,1938.224005222321,-1900,1800,5,3.25,66.78,30
712,2539,6579939,2017-01-31,8.130265222141256,10.98944,1972.359708309174,-1900,1800,5,3.25,66.78,30
713,2540,6579939,2016-12-31,5.529398422970569,10.88463,1640.298884153366,-1900,1800,5,3.25,66.78,30
714,2541,6579939,2017-02-01,5.14851177138141,12.62403,1032.565716028214,-1900,1800,5,3.25,66.78,30
715,2547,6579939,2017-02-09,8.831420998429163,8.705919999999999,1538.41440486908,-1900,1800,5,3.25,66.78,30
716,2549,6579939,2017-01-11,4.333606832977903,11.44436,2126.284143209457,-1900,1800,5,3.25,66.78,30
717,2550,6579939,2017-02-12,4.770283805438281,9.3883,1531.667576789856,-1900,1800,5,3.25,66.78,30
718,2554,6579939,2016-11-27,3.448319358512001,13.40899,2290.662827253342,-1900,1800,5,3.25,66.78,30
719,2555,6579939,2016-12-28,5.05923622026426,13.32648,3014.84806895256,-1900,1800,5,3.25,66.78,30
720,2565,7411245,2016-12-09,6.125601959472342,6.84164,1414.58248257637,-2900,-500,5,3.25,59.36,50
721,2566,7411245,2017-01-08,8.730280639768024,5.82253,850.6474788188934,-2900,-500,5,3.25,59.36,50
722,2567,7411245,2017-01-22,4.955854420250831,6.26853,1082.549547195435,-2900,-500,5,3.25,59.36,50
723,2568,7411245,2017-02-23,5.034335518768944,9.747330000000002,235.9530506134033,-2900,-500,5,3.25,59.36,50
724,2580,7411245,2016-11-09,8.548939804949633,4.89931,1438.987221956253,-2900,-500,5,3.25,59.36,50
725,2581,7411245,2016-12-10,6.280600776828491,9.160839999999999,1355.690236091614,-2900,-500,5,3.25,59.36,50
726,2582,7411245,2017-01-23,5.482188209266586,4.56258,781.459440946579,-2900,-500,5,3.25,59.36,50
727,2583,7411245,2017-02-24,7.803759622912876,14.81389,1481.047370672226,-2900,-500,5,3.25,59.36,50
728,2598,7411245,2016-11-10,4.850211181192598,4.17233,1036.385885477066,-2900,-500,5,3.25,59.36,50
729,2599,7411245,2016-12-11,6.375335458056344,7.564159999999999,713.4995057582855,-2900,-500,5,3.25,59.36,50
730,2600,7411245,2017-01-24,4.553834751829342,5.25834,1621.644616603851,-2900,-500,5,3.25,59.36,50
731,2601,7411245,2017-02-25,6.191282684991442,8.26438,922.4136338233948,-2900,-500,5,3.25,59.36,50
732,2611,7411245,2016-11-03,7.468100788833843,3.58584,744.4602236747742,-2900,-500,5,3.25,59.36,50
733,2612,7411245,2016-12-04,5.873766998228732,4.02738,387.7792682647705,-2900,-500,5,3.25,59.36,50
734,2613,7411245,2017-01-17,5.113769980262855,7.33224,693.6868286132812,-2900,-500,5,3.25,59.36,50
735,2614,7411245,2017-02-18,0.0,5.83145,273.5540008544922,-2900,-500,5,3.25,59.36,50
736,2626,7411245,2016-11-08,5.961572540154012,3.68842,921.0132417678833,-2900,-500,5,3.25,59.36,50
737,2627,7411245,2016-11-22,4.018102614245438,7.20959,265.2910976409912,-2900,-500,5,3.25,59.36,50
738,2628,7411245,2016-12-23,4.936951866757885,8.23762,906.6720778942108,-2900,-500,5,3.25,59.36,50
739,2630,7411245,2017-01-11,6.74818107038288,5.40998,1030.147446632385,-2900,-500,5,3.25,59.36,50
740,2631,7411245,2017-02-12,5.119907014221744,6.13027,3360.681720256805,-2900,-500,5,3.25,59.36,50
741,2644,7411245,2016-11-17,6.714621560968267,7.04903,1661.731599092484,-2900,-500,5,3.25,59.36,50
742,2645,7411245,2016-12-18,4.968327720742321,8.07483,762.124219417572,-2900,-500,5,3.25,59.36,50
743,2646,7411245,2017-01-10,7.342689306628186,7.24973,507.404965877533,-2900,-500,5,3.25,59.36,50
744,2647,7411245,2017-02-11,4.507388096605454,7.04903,951.8113555908203,-2900,-500,5,3.25,59.36,50
745,2649,7411245,2017-01-02,5.478727236973831,4.94837,1065.546489715576,-2900,-500,5,3.25,59.36,50
746,2650,7411245,2017-02-03,5.373980299118267,6.50045,1356.76630115509,-2900,-500,5,3.25,59.36,50
747,2651,7411245,2017-02-09,6.293775055652255,6.42909,3838.491353750229,-2900,-500,5,3.25,59.36,50
748,2660,7411245,2016-11-27,3.765150138353862,9.00251,1161.709337949753,-2900,-500,5,3.25,59.36,50
749,2661,7411245,2016-12-28,3.545485812591248,6.656549999999999,521.4743754863739,-2900,-500,5,3.25,59.36,50
750,2680,7411245,2016-11-11,3.802812570467054,9.39722,936.237612247467,-2900,-500,5,3.25,59.36,50
751,2681,7411245,2016-12-12,8.354659226173275,4.52467,793.3338434696198,-2900,-500,5,3.25,59.36,50
752,2682,7411245,2017-01-25,3.533013462163431,6.85502,694.2842421531677,-2900,-500,5,3.25,59.36,50
753,2683,7411245,2017-02-26,7.775280037358815,9.23889,2279.983957290649,-2900,-500,5,3.25,59.36,50
754,2687,7411245,2016-12-31,7.331069351112882,4.21024,1905.389528274536,-2900,-500,5,3.25,59.36,50
755,2688,7411245,2017-02-01,5.124059676352446,4.96398,975.4105699062347,-2900,-500,5,3.25,59.36,50
756,2696,7411245,2016-11-02,7.699694262343197,3.67727,1038.942759513855,-2900,-500,5,3.25,59.36,50
757,2697,7411245,2016-12-03,7.638962689195452,3.97609,353.9108819961548,-2900,-500,5,3.25,59.36,50
758,2698,7411245,2017-01-16,5.617259011061697,5.704339999999999,1174.698641061783,-2900,-500,5,3.25,59.36,50
759,2699,7411245,2017-01-30,4.887103633735547,6.67439,779.02441573143,-2900,-500,5,3.25,59.36,50
760,2700,7411245,2017-02-17,4.572136241756887,8.1395,1090.707205295563,-2900,-500,5,3.25,59.36,50
761,2708,7411245,2016-12-02,4.484856374104575,4.571499999999999,745.0391504764557,-2900,-500,5,3.25,59.36,50
762,2709,7411245,2017-01-15,5.223789422495703,10.88463,2569.192086935043,-2900,-500,5,3.25,59.36,50
763,2710,7411245,2017-01-29,4.857209949836965,8.85533,1338.893871307373,-2900,-500,5,3.25,59.36,50
764,2711,7411245,2017-02-16,7.169303228177821,7.47942,1252.962230205536,-2900,-500,5,3.25,59.36,50
765,2712,7411245,2017-03-01,5.168906560698348,6.59188,1285.081452131271,-2900,-500,5,3.25,59.36,50
766,2716,7411245,2016-11-30,4.864587535413433,4.46892,432.1682975292206,-2900,-500,5,3.25,59.36,50
767,2717,7411245,2017-01-13,5.446422439798676,9.24558,1944.979445934296,-2900,-500,5,3.25,59.36,50
768,2718,7411245,2017-02-14,5.846943509620709,6.14811,1037.974596261978,-2900,-500,5,3.25,59.36,50
769,2721,7411245,2017-01-12,5.705313244100489,6.36442,1028.441704750061,-2900,-500,5,3.25,59.36,50
770,2722,7411245,2017-02-13,7.758210424396138,4.97067,1497.862783432007,-2900,-500,5,3.25,59.36,50
771,2733,7411245,2016-11-04,5.986434917785675,2.77858,424.5831592082977,-2900,-500,5,3.25,59.36,50
772,2734,7411245,2016-12-05,3.383344721703965,4.25261,435.685821056366,-2900,-500,5,3.25,59.36,50
773,2735,7411245,2016-12-19,4.993160375364613,5.612909999999999,787.0517802238464,-2900,-500,5,3.25,59.36,50
774,2736,7411245,2017-01-18,6.911407794082537,6.85948,618.6601469516754,-2900,-500,5,3.25,59.36,50
775,2737,7411245,2017-01-09,6.672712578798661,5.695419999999999,374.1662967205048,-2900,-500,5,3.25,59.36,50
776,2738,7411245,2017-02-10,4.967185360445248,5.58838,730.8655159473419,-2900,-500,5,3.25,59.36,50
777,2746,7411245,2017-01-31,4.712947436750543,7.61545,1393.971164703369,-2900,-500,5,3.25,59.36,50
778,2750,7411245,2016-11-28,5.446621388981928,4.64286,983.7273414134979,-2900,-500,5,3.25,59.36,50
779,2756,7411245,2017-01-06,11.06205688397238,5.77124,1991.107358932495,-2900,-500,5,3.25,59.36,50
780,2757,7411245,2017-01-20,3.739473032332237,6.30867,866.4492812156677,-2900,-500,5,3.25,59.36,50
781,2758,7411245,2017-02-07,7.854916286869568,6.32874,1352.65177321434,-2900,-500,5,3.25,59.36,50
782,2759,7411245,2017-02-21,3.956552224254169,7.33224,596.6912064552307,-2900,-500,5,3.25,59.36,50
783,2772,7411245,2016-11-05,4.984464469486801,3.91588,698.3490874767303,-2900,-500,5,3.25,59.36,50
784,2773,7411245,2016-11-19,3.910577671803913,6.02769,459.3169865608215,-2900,-500,5,3.25,59.36,50
785,2774,7411245,2016-12-06,5.688308744752314,4.544739999999999,804.0754644870758,-2900,-500,5,3.25,59.36,50
786,2775,7411245,2016-12-20,5.607160571915531,4.93053,1486.75884437561,-2900,-500,5,3.25,59.36,50
787,2780,7411245,2017-01-05,7.215609804638574,8.00347,1325.885452032089,-2900,-500,5,3.25,59.36,50
788,2781,7411245,2017-01-19,6.301490674833399,6.97767,678.6599087715149,-2900,-500,5,3.25,59.36,50
789,2782,7411245,2017-02-06,7.334859957965082,6.640940000000001,1588.0539457798,-2900,-500,5,3.25,59.36,50
790,2783,7411245,2017-02-20,6.702377113270773,6.15703,188.8557732105255,-2900,-500,5,3.25,59.36,50
791,2798,7411245,2016-11-16,4.720564336321888,4.761049999999999,774.3405938148499,-2900,-500,5,3.25,59.36,50
792,2799,7411245,2016-12-17,6.175561465619636,9.15638,2151.712466716766,-2900,-500,5,3.25,59.36,50
793,2814,7411245,2016-11-06,3.876619862484071,5.51033,516.538731098175,-2900,-500,5,3.25,59.36,50
794,2815,7411245,2016-11-20,12.07137868058455,5.146839999999999,824.6735329627991,-2900,-500,5,3.25,59.36,50
795,2816,7411245,2016-12-07,4.336049947946735,6.28637,1962.986077070236,-2900,-500,5,3.25,59.36,50
796,2817,7411245,2016-12-21,5.779130709421137,5.129,579.9116473197937,-2900,-500,5,3.25,59.36,50
797,2827,7411245,2016-11-18,6.660096668431719,4.53136,412.9077677726746,-2900,-500,5,3.25,59.36,50
798,2834,7411245,2016-11-25,4.738939488326809,4.952830000000001,374.4510040283203,-2900,-500,5,3.25,59.36,50
799,2835,7411245,2016-12-26,6.084762538703913,6.60303,740.5182814598083,-2900,-500,5,3.25,59.36,50
800,2844,7411245,2016-11-24,4.73765028600849,5.17806,833.6947228908539,-2900,-500,5,3.25,59.36,50
801,2845,7411245,2016-12-25,4.140707710479588,7.66897,1275.182977437973,-2900,-500,5,3.25,59.36,50
802,2846,7411245,2017-01-01,5.34069257514361,7.764860000000001,1262.810600042343,-2900,-500,5,3.25,59.36,50
803,2847,7411245,2017-02-02,3.062269729904017,6.93084,583.0915105342865,-2900,-500,5,3.25,59.36,50
804,2850,7411245,2017-01-03,6.221832605933801,4.64955,789.1123263835907,-2900,-500,5,3.25,59.36,50
805,2851,7411245,2017-02-04,5.123670040892161,7.35677,1480.840470790863,-2900,-500,5,3.25,59.36,50
806,2855,7411245,2017-01-04,5.883336320949838,6.467,1852.43660736084,-2900,-500,5,3.25,59.36,50
807,2856,7411245,2017-02-05,7.681568666430455,5.17137,1771.762561559677,-2900,-500,5,3.25,59.36,50
808,2857,7411245,2017-02-19,6.013712524586878,7.73141,1708.944252729416,-2900,-500,5,3.25,59.36,50
809,2872,7411245,2016-11-12,4.396955531190435,6.4893,867.4566576480865,-2900,-500,5,3.25,59.36,50
810,2873,7411245,2016-12-13,7.295210619300714,6.25738,875.8950419425964,-2900,-500,5,3.25,59.36,50
811,2874,7411245,2017-01-26,4.081985733098992,10.06399,1157.386651277542,-2900,-500,5,3.25,59.36,50
812,2875,7411245,2017-02-27,4.627557840464681,8.07037,1709.28732085228,-2900,-500,5,3.25,59.36,50
813,2890,7411245,2016-11-13,5.528484670057286,5.74448,666.943258523941,-2900,-500,5,3.25,59.36,50
814,2891,7411245,2016-12-14,7.865820674063261,5.911729999999999,1668.500116109848,-2900,-500,5,3.25,59.36,50
815,2892,7411245,2017-01-27,5.948612433183049,4.60272,877.4866638183594,-2900,-500,5,3.25,59.36,50
816,2893,7411245,2017-02-28,7.788154483493699,16.84988,3140.96510052681,-2900,-500,5,3.25,59.36,50
817,2908,7411245,2016-11-14,5.435428306560746,5.135689999999999,548.8305728435516,-2900,-500,5,3.25,59.36,50
818,2909,7411245,2016-12-15,8.285757770877574,5.18698,1023.143133878708,-2900,-500,5,3.25,59.36,50
819,2910,7411245,2016-12-29,9.186962463612153,5.86936,1036.507485151291,-2900,-500,5,3.25,59.36,50
820,2911,7411245,2017-01-28,10.53058737741344,13.40453,1189.549875259399,-2900,-500,5,3.25,59.36,50
821,2926,7411245,2016-11-15,4.705451429168626,7.96556,900.1517851352692,-2900,-500,5,3.25,59.36,50
822,2927,7411245,2016-11-29,9.612344073325911,3.31378,207.3243918418884,-2900,-500,5,3.25,59.36,50
823,2928,7411245,2016-12-16,7.123501789631132,7.90981,1793.055352687836,-2900,-500,5,3.25,59.36,50
824,2929,7411245,2016-12-30,6.083744239570797,6.61641,921.7868130207062,-2900,-500,5,3.25,59.36,50
825,2935,7411245,2016-12-01,7.470665130118923,4.39533,337.9786260128021,-2900,-500,5,3.25,59.36,50
826,2936,7411245,2017-01-14,4.466733994211976,9.1207,1515.763676404953,-2900,-500,5,3.25,59.36,50
827,2937,7411245,2017-02-15,4.941167035519816,5.3297,1109.847659111023,-2900,-500,5,3.25,59.36,50
828,2949,7411245,2016-11-07,8.74450095170907,2.676,466.9574906826019,-2900,-500,5,3.25,59.36,50
829,2950,7411245,2016-11-21,5.826486135019201,5.51256,833.9354333877563,-2900,-500,5,3.25,59.36,50
830,2951,7411245,2016-12-08,6.732995798818481,4.660699999999999,543.8096754550934,-2900,-500,5,3.25,59.36,50
831,2952,7411245,2016-12-22,6.237578648416921,8.2287,1309.108843326569,-2900,-500,5,3.25,59.36,50
832,2962,7411245,2016-11-23,4.324971288335894,4.51798,684.3075587749481,-2900,-500,5,3.25,59.36,50
833,2963,7411245,2016-12-24,5.707230199539807,7.575309999999999,903.0739250183105,-2900,-500,5,3.25,59.36,50
834,2969,7411245,2016-11-26,6.330840331276655,6.97544,718.7057032585144,-2900,-500,5,3.25,59.36,50
835,2970,7411245,2016-12-27,4.517747602262092,5.70211,611.9462535381317,-2900,-500,5,3.25,59.36,50
836,2978,7411245,2017-01-07,7.160812933558589,4.5492,351.4314088821411,-2900,-500,5,3.25,59.36,50
837,2979,7411245,2017-01-21,3.840246920556804,9.69158,2024.104534387589,-2900,-500,5,3.25,59.36,50
838,2980,7411245,2017-02-08,6.667467309031757,7.88528,1202.397515773773,-2900,-500,5,3.25,59.36,50
839,2981,7411245,2017-02-22,3.872433836502343,5.85375,1116.217319965363,-2900,-500,5,3.25,59.36,50
840,2988,849044,2016-11-25,11.56328315670236,6.201630000000001,1635.728767871857,-3500,-2700,5,3.25,48.23,310
841,2989,849044,2016-12-26,9.0985533097209,4.04522,869.4917278289795,-3500,-2700,5,3.25,48.23,310
842,2995,849044,2016-11-26,12.12623092714816,4.237,815.6907930374146,-3500,-2700,5,3.25,48.23,310
843,2996,849044,2016-12-27,4.802762727155939,4.29275,394.6883647441864,-3500,-2700,5,3.25,48.23,310
844,3000,849044,2016-11-27,12.33643230752139,4.31059,1055.967933416367,-3500,-2700,5,3.25,48.23,310
845,3001,849044,2016-12-28,12.17187820340939,3.88689,884.7287786006927,-3500,-2700,5,3.25,48.23,310
846,3021,849044,2016-11-14,9.197575848077815,3.42528,667.0441553592682,-3500,-2700,5,3.25,48.23,310
847,3022,849044,2016-12-15,9.309773170520712,4.36411,608.6714415550232,-3500,-2700,5,3.25,48.23,310
848,3023,849044,2016-12-29,15.12236407487497,3.95825,708.2342393398285,-3500,-2700,5,3.25,48.23,310
849,3024,849044,2017-01-28,9.206371251228404,4.20578,152.0513708591461,-3500,-2700,5,3.25,48.23,310
850,3025,849044,2017-01-31,7.788638056977012,5.90727,337.5752825737,-3500,-2700,5,3.25,48.23,310
851,3040,849044,2016-11-13,12.66156431152007,5.39437,860.5642383098602,-3500,-2700,5,3.25,48.23,310
852,3041,849044,2016-12-14,6.212139854798608,3.87797,337.8166146278381,-3500,-2700,5,3.25,48.23,310
853,3042,849044,2017-01-27,6.719787205387205,3.77539,343.3543329238892,-3500,-2700,5,3.25,48.23,310
854,3043,849044,2017-02-28,7.451758426539024,5.22489,738.3894138336182,-3500,-2700,5,3.25,48.23,310
855,3056,849044,2016-11-05,8.441241199693305,4.51352,552.9823312759399,-3500,-2700,5,3.25,48.23,310
856,3057,849044,2016-11-19,7.822191088839561,5.137919999999999,1024.960603952408,-3500,-2700,5,3.25,48.23,310
857,3058,849044,2016-12-06,5.495583222023089,3.88689,1028.092111587524,-3500,-2700,5,3.25,48.23,310
858,3059,849044,2016-12-20,5.719632564009808,5.79577,371.6248750686646,-3500,-2700,5,3.25,48.23,310
859,3074,849044,2016-11-11,10.96028449057689,3.17775,316.1053791046143,-3500,-2700,5,3.25,48.23,310
860,3075,849044,2016-12-12,8.91056330400177,3.93149,271.0016429424286,-3500,-2700,5,3.25,48.23,310
861,3076,849044,2017-01-25,5.94309580278463,5.34531,1532.06327009201,-3500,-2700,5,3.25,48.23,310
862,3077,849044,2017-02-26,8.901748404636068,6.68108,632.9803719520569,-3500,-2700,5,3.25,48.23,310
863,3079,849044,2017-01-02,12.26684589766673,4.08759,982.1286857128143,-3500,-2700,5,3.25,48.23,310
864,3080,849044,2017-02-03,3.31757471656698,5.52594,446.4261622428894,-3500,-2700,5,3.25,48.23,310
865,3095,849044,2016-11-10,11.41241719008718,3.33162,528.0403277873993,-3500,-2700,5,3.25,48.23,310
866,3096,849044,2016-12-11,8.36986478926634,4.93053,993.2609961032867,-3500,-2700,5,3.25,48.23,310
867,3097,849044,2017-01-24,12.15256119760363,3.41413,1098.92982006073,-3500,-2700,5,3.25,48.23,310
868,3098,849044,2017-02-25,3.63628365176899,4.20578,187.43101978302,-3500,-2700,5,3.25,48.23,310
869,3110,849044,2016-11-09,1.980241416455012,3.96048,129.5105347633362,-3500,-2700,5,3.25,48.23,310
870,3111,849044,2016-12-10,12.76294402023822,3.37399,1073.224630832672,-3500,-2700,5,3.25,48.23,310
871,3112,849044,2017-01-23,11.02457200066302,5.07325,387.9681875705719,-3500,-2700,5,3.25,48.23,310
872,3113,849044,2017-02-24,4.341814680047986,4.05414,187.607387304306,-3500,-2700,5,3.25,48.23,310
873,3114,849044,2017-01-09,6.738773419729338,2.30805,291.6635980606079,-3500,-2700,5,3.25,48.23,310
874,3115,849044,2017-02-10,4.618749946191431,3.61483,172.2095630168915,-3500,-2700,5,3.25,48.23,310
875,3118,849044,2017-01-03,6.562233224436556,5.262799999999999,586.194922208786,-3500,-2700,5,3.25,48.23,310
876,3119,849044,2017-02-04,3.236532577241985,3.24911,273.9546639919281,-3500,-2700,5,3.25,48.23,310
877,3125,849044,2016-12-01,5.617784412445022,5.102239999999999,1415.282862186432,-3500,-2700,5,3.25,48.23,310
878,3126,849044,2017-01-14,6.647513116210749,3.85567,644.6239013671875,-3500,-2700,5,3.25,48.23,310
879,3127,849044,2017-02-15,8.297625816504903,3.345,198.5646860599518,-3500,-2700,5,3.25,48.23,310
880,3137,849044,2016-12-09,9.385411133005512,2.96144,662.6716024875641,-3500,-2700,5,3.25,48.23,310
881,3138,849044,2017-01-08,4.381016005256594,4.14334,118.7333643436432,-3500,-2700,5,3.25,48.23,310
882,3139,849044,2017-01-22,5.135312582753969,3.84898,249.3532214164734,-3500,-2700,5,3.25,48.23,310
883,3140,849044,2017-02-23,7.644304735295135,5.40552,1420.950803279877,-3500,-2700,5,3.25,48.23,310
884,3143,849044,2017-01-12,6.163729328625814,6.451389999999999,422.0147457122803,-3500,-2700,5,3.25,48.23,310
885,3144,849044,2017-02-13,5.277140933506131,3.77762,233.8427667617798,-3500,-2700,5,3.25,48.23,310
886,3147,849044,2016-11-28,9.758946219668903,3.49441,915.5229716300964,-3500,-2700,5,3.25,48.23,310
887,3151,849044,2017-01-04,7.259538824748947,4.34181,403.9170656204224,-3500,-2700,5,3.25,48.23,310
888,3152,849044,2017-02-05,8.928979423657317,3.32047,385.5006630420685,-3500,-2700,5,3.25,48.23,310
889,3153,849044,2017-02-19,6.431958870963538,5.20705,663.1551241874695,-3500,-2700,5,3.25,48.23,310
890,3163,849044,2016-11-03,16.29676003478981,3.73748,880.9582026004791,-3500,-2700,5,3.25,48.23,310
891,3164,849044,2016-12-04,7.370448947072524,4.12773,464.8709964752197,-3500,-2700,5,3.25,48.23,310
892,3165,849044,2017-01-17,6.084402170642567,2.33258,376.0224423408508,-3500,-2700,5,3.25,48.23,310
893,3166,849044,2017-02-18,7.123510772912731,5.45012,534.1430993080139,-3500,-2700,5,3.25,48.23,310
894,3181,849044,2017-01-07,5.423643145706807,3.24688,599.3410229682922,-3500,-2700,5,3.25,48.23,310
895,3182,849044,2017-01-21,6.721184815206467,4.46892,367.7449967861176,-3500,-2700,5,3.25,48.23,310
896,3183,849044,2017-02-08,7.019856617413926,4.74544,1133.556736946106,-3500,-2700,5,3.25,48.23,310
897,3184,849044,2017-02-22,8.423414284772337,5.00189,229.2976832389832,-3500,-2700,5,3.25,48.23,310
898,3194,849044,2016-11-18,6.261954575889827,3.53901,330.6991233825684,-3500,-2700,5,3.25,48.23,310
899,3202,849044,2016-12-02,4.143952011027398,4.625019999999999,365.714704990387,-3500,-2700,5,3.25,48.23,310
900,3203,849044,2017-01-15,8.167808128372894,3.01942,109.1012439727783,-3500,-2700,5,3.25,48.23,310
901,3204,849044,2017-01-29,5.001964228423804,3.98947,174.7064108848572,-3500,-2700,5,3.25,48.23,310
902,3205,849044,2017-02-16,17.44048139068329,4.02961,748.1932702064514,-3500,-2700,5,3.25,48.23,310
903,3220,849044,2016-11-16,13.30948358933911,5.83591,665.9436686038971,-3500,-2700,5,3.25,48.23,310
904,3221,849044,2016-12-17,8.557757628505192,4.75436,1112.532466411591,-3500,-2700,5,3.25,48.23,310
905,3225,849044,2016-11-30,10.32891268968296,3.39406,960.9962275028229,-3500,-2700,5,3.25,48.23,310
906,3226,849044,2017-01-13,4.860358259658361,3.91588,1063.976853132248,-3500,-2700,5,3.25,48.23,310
907,3227,849044,2017-02-14,5.435746519590882,4.41763,151.9601776599884,-3500,-2700,5,3.25,48.23,310
908,3242,849044,2016-11-15,7.504692576877765,3.91811,313.8764066696167,-3500,-2700,5,3.25,48.23,310
909,3243,849044,2016-11-29,10.86068037799939,3.48995,752.1053960323334,-3500,-2700,5,3.25,48.23,310
910,3244,849044,2016-12-16,6.596858365759529,3.96048,589.3558056354523,-3500,-2700,5,3.25,48.23,310
911,3245,849044,2016-12-30,8.7790290966983,3.87128,3277.771508216858,-3500,-2700,5,3.25,48.23,310
912,3264,849044,2016-11-12,7.241431968754521,2.89008,254.1563272476196,-3500,-2700,5,3.25,48.23,310
913,3265,849044,2016-12-13,12.32130344753191,3.38737,803.9508802890778,-3500,-2700,5,3.25,48.23,310
914,3266,849044,2017-01-26,8.802484337964247,4.96175,517.3832595348358,-3500,-2700,5,3.25,48.23,310
915,3267,849044,2017-02-27,6.367250057368739,3.791,1990.322819948196,-3500,-2700,5,3.25,48.23,310
916,3268,849044,2017-01-01,7.419423506296755,4.80788,3037.315983533859,-3500,-2700,5,3.25,48.23,310
917,3269,849044,2017-02-02,7.169631161656405,3.82891,278.7890496253967,-3500,-2700,5,3.25,48.23,310
918,3277,849044,2016-11-02,9.243293017991167,3.35838,526.2037127017975,-3500,-2700,5,3.25,48.23,310
919,3278,849044,2016-12-03,7.327603167066104,5.74225,821.7587442398071,-3500,-2700,5,3.25,48.23,310
920,3279,849044,2017-01-16,4.763593620531623,3.63936,217.1472227573395,-3500,-2700,5,3.25,48.23,310
921,3280,849044,2017-01-30,5.54687764560722,4.58711,505.1744959354401,-3500,-2700,5,3.25,48.23,310
922,3281,849044,2017-02-17,5.627668669486224,4.33958,210.5094661712646,-3500,-2700,5,3.25,48.23,310
923,3283,849044,2017-01-11,6.590887825696703,3.08186,454.2541930675507,-3500,-2700,5,3.25,48.23,310
924,3284,849044,2017-02-12,6.648084538333729,4.36411,286.6948642730713,-3500,-2700,5,3.25,48.23,310
925,3285,849044,2017-01-10,8.54768540100043,5.04203,252.6770865917206,-3500,-2700,5,3.25,48.23,310
926,3286,849044,2017-02-11,9.05419729139923,4.8837,673.858874797821,-3500,-2700,5,3.25,48.23,310
927,3296,849044,2016-11-23,17.82717549257719,4.65624,2099.232170581818,-3500,-2700,5,3.25,48.23,310
928,3297,849044,2016-12-24,9.051058755668295,4.761049999999999,275.1679883003235,-3500,-2700,5,3.25,48.23,310
929,3312,849044,2016-11-08,6.708228323973947,4.00062,451.7957453727722,-3500,-2700,5,3.25,48.23,310
930,3313,849044,2016-11-22,8.143384531187124,3.80661,225.9399156570435,-3500,-2700,5,3.25,48.23,310
931,3314,849044,2016-12-23,9.31350030966435,4.636170000000001,698.6634485721588,-3500,-2700,5,3.25,48.23,310
932,3315,849044,2017-03-01,3.557027858455556,3.02388,222.5029218196869,-3500,-2700,5,3.25,48.23,310
933,3321,849044,2017-01-06,6.058195354837059,4.75436,352.5055410861969,-3500,-2700,5,3.25,48.23,310
934,3322,849044,2017-01-20,7.731161519249986,4.23923,386.1409273147583,-3500,-2700,5,3.25,48.23,310
935,3323,849044,2017-02-07,14.19666549415024,6.5562,761.9890058040619,-3500,-2700,5,3.25,48.23,310
936,3324,849044,2017-02-21,6.194914419888513,3.76424,219.5082721710205,-3500,-2700,5,3.25,48.23,310
937,3326,849044,2016-12-31,5.280319099040617,4.691920000000001,415.2984080314636,-3500,-2700,5,3.25,48.23,310
938,3327,849044,2017-02-01,4.833093099819041,4.93499,250.3132703304291,-3500,-2700,5,3.25,48.23,310
939,3332,849044,2017-01-05,9.275904542250174,3.37845,3770.118720293045,-3500,-2700,5,3.25,48.23,310
940,3333,849044,2017-01-19,1.971715044017725,2.63809,50.6824038028717,-3500,-2700,5,3.25,48.23,310
941,3334,849044,2017-02-06,9.322620701793975,4.21916,342.2108013629913,-3500,-2700,5,3.25,48.23,310
942,3335,849044,2017-02-20,6.150989368761221,3.68173,738.233261346817,-3500,-2700,5,3.25,48.23,310
943,3346,849044,2016-11-04,9.105034246073323,2.98151,672.2776174545288,-3500,-2700,5,3.25,48.23,310
944,3347,849044,2016-12-05,7.669663730584882,4.386410000000001,1420.284716844559,-3500,-2700,5,3.25,48.23,310
945,3348,849044,2016-12-19,7.473968698441216,6.57181,752.4124872684479,-3500,-2700,5,3.25,48.23,310
946,3349,849044,2017-01-18,9.50036028517265,4.10097,415.4954364299774,-3500,-2700,5,3.25,48.23,310
947,3363,849044,2016-11-06,9.835397589458623,3.29594,698.6892602443695,-3500,-2700,5,3.25,48.23,310
948,3364,849044,2016-11-20,7.723380135742907,4.24369,334.1551101207733,-3500,-2700,5,3.25,48.23,310
949,3365,849044,2016-12-07,2.932951903928519,3.59253,173.642210483551,-3500,-2700,5,3.25,48.23,310
950,3366,849044,2016-12-21,8.059813195137199,6.41125,518.889463186264,-3500,-2700,5,3.25,48.23,310
951,3378,849044,2016-11-07,11.89916861829015,3.20674,4066.77157664299,-3500,-2700,5,3.25,48.23,310
952,3379,849044,2016-11-21,12.83998311846188,6.65878,1757.625698566437,-3500,-2700,5,3.25,48.23,310
953,3380,849044,2016-12-08,7.193643686738912,5.137919999999999,713.2549557685852,-3500,-2700,5,3.25,48.23,310
954,3381,849044,2016-12-22,4.930194352350489,3.93595,236.1306533813477,-3500,-2700,5,3.25,48.23,310
955,3395,849044,2016-11-17,7.951218370554935,4.40648,1136.79723739624,-3500,-2700,5,3.25,48.23,310
956,3396,849044,2016-12-18,6.632489273748706,4.491219999999999,618.9778990745544,-3500,-2700,5,3.25,48.23,310
957,3398,849044,2017-02-09,6.982349059472352,3.24242,208.8253214359283,-3500,-2700,5,3.25,48.23,310
958,3406,849044,2016-11-24,6.532683964257042,4.625019999999999,712.9231202602386,-3500,-2700,5,3.25,48.23,310
959,3407,849044,2016-12-25,15.26647383671693,4.555890000000001,729.2657220363617,-3500,-2700,5,3.25,48.23,310
960,3411,1870907,2017-01-02,3.73725028163244,11.02512,1014.12980389595,4200,300,5,3.25,148.4,230
961,3412,1870907,2017-02-03,6.371167746112818,12.58166,2221.357522249222,4200,300,5,3.25,148.4,230
962,3418,1870907,2016-11-26,5.16425029305401,13.84384,2311.495647668839,4200,300,5,3.25,148.4,230
963,3419,1870907,2016-12-27,5.890176351639793,10.97383,1456.31954741478,4200,300,5,3.25,148.4,230
964,3421,1870907,2017-01-11,4.699087785141305,11.25927,1222.221994638443,4200,300,5,3.25,148.4,230
965,3422,1870907,2017-02-12,5.792782933021156,10.09298,1364.872779130936,4200,300,5,3.25,148.4,230
966,3429,1870907,2016-11-25,5.456360293327188,12.43448,1461.152047395706,4200,300,5,3.25,148.4,230
967,3430,1870907,2016-12-26,4.726615747770796,11.27934,1350.970311403275,4200,300,5,3.25,148.4,230
968,3443,1870907,2016-11-17,6.365437202422923,12.58166,2438.519725322723,4200,300,5,3.25,148.4,230
969,3444,1870907,2016-12-18,4.857844388778328,14.89417,2800.614174127579,4200,300,5,3.25,148.4,230
970,3454,1870907,2016-11-23,5.875567492864469,10.24908,2571.091631412506,4200,300,5,3.25,148.4,230
971,3455,1870907,2016-12-24,3.433365752679709,11.81008,848.4261775016785,4200,300,5,3.25,148.4,230
972,3461,1870907,2016-12-01,7.049573577367148,11.88367,1093.26069355011,4200,300,5,3.25,148.4,230
973,3462,1870907,2017-01-14,6.008053418772299,11.83238,1451.981901407242,4200,300,5,3.25,148.4,230
974,3463,1870907,2017-02-15,7.291329238658656,9.368229999999999,1198.334642648697,4200,300,5,3.25,148.4,230
975,3475,1870907,2016-11-08,6.889605899601484,7.48834,1070.7740483284,4200,300,5,3.25,148.4,230
976,3476,1870907,2016-11-22,6.460681770532698,10.74191,1529.625333786011,4200,300,5,3.25,148.4,230
977,3477,1870907,2016-12-23,4.952664725411521,14.49723,1744.032795190811,4200,300,5,3.25,148.4,230
978,3489,1870907,2016-11-07,5.571742478000345,13.31533,1691.128418684006,4200,300,5,3.25,148.4,230
979,3490,1870907,2016-11-21,4.716758358025956,12.31183,1965.907952070236,4200,300,5,3.25,148.4,230
980,3491,1870907,2016-12-08,5.072022877939114,11.78109,1510.384751558304,4200,300,5,3.25,148.4,230
981,3492,1870907,2016-12-22,6.340543749640493,11.72311,2028.3208796978,4200,300,5,3.25,148.4,230
982,3500,1870907,2017-01-07,10.64826292123159,8.54313,4817.917799711227,4200,300,5,3.25,148.4,230
983,3501,1870907,2017-01-21,9.641076099199363,13.97987,2068.88171172142,4200,300,5,3.25,148.4,230
984,3502,1870907,2017-02-08,5.516131148887533,10.38511,1063.936522722244,4200,300,5,3.25,148.4,230
985,3503,1870907,2017-02-22,5.032550645871565,12.47016,1569.583921432495,4200,300,5,3.25,148.4,230
986,3511,1870907,2016-12-02,6.946380875791204,11.01397,1099.537577152252,4200,300,5,3.25,148.4,230
987,3512,1870907,2017-01-15,4.11806680271503,15.31564,1931.621952772141,4200,300,5,3.25,148.4,230
988,3513,1870907,2017-01-29,7.146843768331864,11.54248,1920.167885541916,4200,300,5,3.25,148.4,230
989,3514,1870907,2017-02-16,5.83063650219235,14.2497,2475.311533927917,4200,300,5,3.25,148.4,230
990,3529,1870907,2016-11-12,3.699082164297024,12.26277,966.5233478546143,4200,300,5,3.25,148.4,230
991,3530,1870907,2016-12-13,8.709277654716779,9.932419999999999,1894.405413389206,4200,300,5,3.25,148.4,230
992,3531,1870907,2017-01-26,3.254512512893509,12.75337,1233.360754013062,4200,300,5,3.25,148.4,230
993,3532,1870907,2017-02-27,6.134353149707599,18.61827,545.7049686908722,4200,300,5,3.25,148.4,230
994,3546,1870907,2016-11-06,4.28600916097764,10.87794,1147.082108259201,4200,300,5,3.25,148.4,230
995,3547,1870907,2016-11-20,6.808057793719944,11.74764,2133.662470817566,4200,300,5,3.25,148.4,230
996,3548,1870907,2016-12-07,6.5588316858053,9.024809999999999,1596.193164348602,4200,300,5,3.25,148.4,230
997,3549,1870907,2016-12-21,5.372925033191132,11.59823,2546.96570110321,4200,300,5,3.25,148.4,230
998,3564,1870907,2016-11-10,4.624613396825484,11.40422,1468.560243844986,4200,300,5,3.25,148.4,230
999,3565,1870907,2016-12-11,6.543730073745216,12.75114,1853.876314878464,4200,300,5,3.25,148.4,230
